wallet_address,percent_tpd,percent_atd,flag
0xebdd16233bac81150ad0472e84b9000c727c156a,0.8908265647396082,0.0,User
0x888e3b45a4af6226e60277fb361e5e8ef3099264,0.8908265647396082,0.00023889154323936931,User
0x76a3d1667f34a56da7a6273d14c54a29de2a4f55,0.8908265647396082,0.00047778308647873863,User
0x64c736aaeac9f13412b7ab913a0679e97954c073,0.8908265647396082,0.000716674629718108,User
0x8a3ba7b8a3dc1dcf0290aaec6a1d04d9122b76de,0.8908265647396082,0.000716674629718108,User
0xec97f8aace288f50342da125c6de5b39987b7cb3,0.8908265647396082,0.0011944577161968467,User
0xd8f8c10290e59d64579d7ee7a93840313c2c2737,0.8908265647396082,0.001433349259436216,User
0xe9f4d56c09891d94f2a41d80fba6712dbb2ebc99,0.8908265647396082,0.0016722408026755853,User
0x699d68f2f65460d110adda5e59278a1ec676702c,0.8908265647396082,0.0016722408026755853,User
0xff3d5c6368c5dbdfbd41d8aae061050309871902,0.8908265647396082,0.0016722408026755853,User
0x3172adce619d1b68d658aaf6c5b08951e5a6714f,0.8908265647396082,0.0016722408026755853,User
0xea4bd79b612018815d40ff8deda7c7bb5ada5842,0.8908265647396082,0.0026278069756330625,User
0xa7ea89a207dd524f727d84a2caa7bb700919ca34,0.8908265647396082,0.002866698518872432,User
0xcbd94140deb48ab7df0e84d7e9fd399e4997b1e7,0.8908265647396082,0.003105590062111801,User
0x7509d911f64a000398451a937be623af31f69a66,0.8908265647396082,0.003105590062111801,User
0xe45aa8ff65088afac0eedeac3af5a7237243c624,0.9323936932632585,0.00358337314859054,User
0x6d1002293c983b45129e1f2ab9675f84f9130e3e,0.8908265647396082,0.003822264691829909,User
0xca26e2cc63f0d1a4600d75c238c9024afd31f201,0.8908265647396082,0.004061156235069279,User
0x05318ef3acaf8dcec08555aec218a8922880369e,0.8908265647396082,0.004300047778308648,User
0x21f809fa81362b4df4ad3b99e5975118840c2c4e,0.8908265647396082,0.004538939321548017,User
0x4ed7974862d1a7dc34ed46b39d2885f0c7ca1dd9,0.8908265647396082,0.004777830864787387,User
0xd7785d2d93392dd0d92936a5ec8bcbab46b390bc,0.8908265647396082,0.005016722408026756,User
0x2e6c9eee77e346dca5ede2832f693bc595b25fb9,0.8908265647396082,0.005255613951266125,User
0x558f680e8f0d31b56b8ecb8bbe8adf5b4164e78e,0.8908265647396082,0.005494505494505495,User
0xfc5e3a8cd88c66a850a69e164a7b5c64559e0143,0.8908265647396082,0.005733397037744864,User
0x94a938d52979cddfddafc725dbf7a7fc39cce0d7,0.9567606306736741,0.005972288580984233,Bot
0xd11c4fb72cb8dd6b77955c5a502d052efd0ae6f3,0.8908265647396082,0.005972288580984233,User
0x0ff0be1f97c4cd97d92b146e2e6f29d3ff829ee6,0.8908265647396082,0.006450071667462972,User
0x99ea880bcf062faff483b8b939d60042fbef6039,0.8908265647396082,0.006688963210702341,User
0x2fbae5b4ff8ee9093f2f145a2349b38241f929db,0.8908265647396082,0.00692785475394171,User
0x3711f44ccf3f6c38c451a07395052170a4c561f7,0.8908265647396082,0.00716674629718108,User
0x4f22172af48f0ad4d7b33cc36f4ace7f23a04511,0.8908265647396082,0.007405637840420449,User
0xd1cdc0646afcfe697ce4e7583c3d99f7a3a04eca,0.8908265647396082,0.007644529383659818,User
0x39c4890e5b1a57ea9123754a7c16ad3f30dff958,0.8908265647396082,0.007883420926899188,User
0xb038e798dd142ea6b3183c87d78b12d58f65f629,0.9429049211657907,0.008122312470138558,User
0xafac8f372f83934cfdafa4d1d49f28dd01537a46,0.8908265647396082,0.008361204013377926,User
0xa04477f7ec7e796e5285389bf8909ef81abb07b7,0.8908265647396082,0.008600095556617296,User
0xa8caa1bf985ae6f117ec94fd1296b27a7bf18000,0.8908265647396082,0.008838987099856666,User
0x88d37763ba2f62f751d31bfdfae122a36f51716c,0.8908265647396082,0.009077878643096034,User
0x96ea6a3f4bcb814fa038acce11e4df246bb2072a,0.8908265647396082,0.009316770186335404,User
0xa5371c737b4d5cf865b42144a339403d1bb44cb4,0.8908265647396082,0.009316770186335404,User
0xaf3de1e6cb4b5b7fec670d090ce477d84441f1d0,0.8908265647396082,0.009794553272814142,User
0x2760cfb8bdd0c2cd27337e9c1d48484e4a58ab56,0.8908265647396082,0.010033444816053512,User
0x61c8c5f5467a60e13fe6401ff0ffd8c3f57938c2,0.8908265647396082,0.010272336359292882,User
0x84920a583e6569e1e642a19477ff3c44acfe408e,0.8908265647396082,0.01051122790253225,User
0xd41c8463e7b51b1f354231a09d7232b3c890d5b7,0.8908265647396082,0.01075011944577162,User
0x9e95e13a9ee3b0e01c7fb9da56e43d31c31c094e,0.9323936932632585,0.01098901098901099,User
0x814f92df65df47f2f5693f27f73ea6cc9483d819,0.8908265647396082,0.011227902532250358,User
0xc033e51c7087ee7b2eac2aad65f9ba1f9d9ebf52,0.9636884854276159,0.011466794075489728,Bot
0x9d2cb88051e5e10ba4a7c3729e87b3c07b021e4a,0.8908265647396082,0.011705685618729096,User
0xf50782a24afcb26acb85d086cf892bfffb5731b5,1.0,0.011944577161968466,Bot
0x4a5644ac6edf051a4dee569686161293e0830006,0.9323936932632585,0.012183468705207836,User
0xd3ca3fb16da439d4b12466663a8153b0b7dc9fb5,0.9854276158623985,0.012422360248447204,Bot
0x5ad1139c1a45e6f881a30638f824efe2176d3624,0.9997611084567606,0.012661251791686574,Bot
0xe33f1860eb6b335f0f961c95952e29941d09b5f7,0.8908265647396082,0.012900143334925944,User
0xcd5842afdf8d937d529705fd6de34b990b2c3a1a,0.9429049211657907,0.013139034878165312,User
0x40ec395598a269cc61a0a704a899a79d10cde4f1,0.9429049211657907,0.013377926421404682,User
0xbc9e8969a44d3618aaae3ed16854342b301cf3de,0.9995222169135213,0.013616817964644052,Bot
0x99340d97ed979377ec17cde731878df449515df3,0.8908265647396082,0.01385570950788342,User
0xc462708c7de5228021831f69a2d770d23f5b5016,0.9992833253702819,0.01409460105112279,Bot
0x7938ce21440f482d80dbc38fac7a5331b2b151ab,0.8908265647396082,0.01433349259436216,User
0x4ea77093f853d38f71d4ee67d6694a8d05e3486b,0.8908265647396082,0.014572384137601528,User
0xb045571f321dff9de46ecc204d128aa68be47adb,0.9990444338270426,0.014811275680840898,Bot
0x0b03d0543f43a1b9aded6d62f6617d9e8c217fc3,0.9988055422838031,0.015050167224080268,Bot
0x0bac15ce87739247e7c42699f01eea4f7a78548d,0.8908265647396082,0.015289058767319636,User
0x05fb8a1ac76cd6b4b9c3be2b465e27e0fb2ca8bf,0.9985666507405638,0.015527950310559006,Bot
0x5700bfa8bad2620f8103a20e0aec2b3a66a8bff3,0.9323936932632585,0.015766841853798376,User
0x68d19a7cae31b12d9ea932cfec4104db0a766ca6,0.9983277591973244,0.016005733397037744,Bot
0x0c3abd4da3a753b9f0812087340ef5e37596e95f,0.998088867654085,0.016244624940277116,Bot
0x911fc48da3f6e38d195c6bbfb4fda31bd9b313c5,0.9978499761108457,0.016483516483516484,Bot
0x4a79d0cdf4d1349850b84b8a7f460d889ff74956,0.9976110845676063,0.016722408026755852,Bot
0x19782447b7f3b8c01f07ef9136f378a92ef09664,0.997372193024367,0.016961299569995224,Bot
0x86298a763ce87670d429c71b66f524bb711dbc8f,0.9971333014811276,0.017200191113234592,Bot
0xb8a4be316fabef96e6f48ed2b277f8a724503ab5,0.9323936932632585,0.01743908265647396,User
0x9961248019b5988552bad67db07edcda250184e6,0.9968944099378882,0.017677974199713332,Bot
0xb15825595c5c829ec164544dfba4ef727555de20,0.9429049211657907,0.0179168657429527,User
0x8b908f78310d28172474c385eb91b5a35479a520,0.9512661251791686,0.018155757286192068,Bot
0x76325756368fa102aaf86bae4df0a3d35fdad903,0.8908265647396082,0.01839464882943144,User
0x707ce8e9bb32005800f1a99d11c6ec6f96486aa7,0.9966555183946488,0.018633540372670808,Bot
0x433db089d5237748ee19d06b29372deb67108353,0.9964166268514094,0.018872431915910176,Bot
0x5f9942e8769591e7a2a18f6728ff128d6a08723d,0.9961777353081701,0.019111323459149548,Bot
0x92688f042df347a25b09954845e8349f602ec948,0.9959388437649307,0.019350215002388916,Bot
0x5a56cd7a21705331875eb545a6ec65a6197e46a3,0.995461060678452,0.019589106545628284,Bot
0x6c6ab4587f6eeb336ea392157ef22d8194458ac8,0.9952221691352127,0.019827998088867656,Bot
0xdbcc06778c023a507fb6745918ec45d201616db1,0.9956999522216914,0.020066889632107024,Bot
0xf917c5561c80c537821ac941feb34dfc6e6e7c5b,0.9323936932632585,0.020305781175346392,User
0xe096e6653d9e460eb348dda2d2f2cb299a7872fa,0.9429049211657907,0.020544672718585764,User
0x7ecc73f7b5a4814c3b26d3aad71fb5d04f15940f,0.8908265647396082,0.020783564261825132,User
0x38545c4b331d8bfb3bee94c62d77a6735b5ef8c0,0.9947443860487338,0.0210224558050645,Bot
0xefcc24dfb59b01559b6beafecd3cfba77b26a41f,0.8908265647396082,0.021261347348303872,User
0xa58f12e3aa2c98e77d75b2f17cea46c000f76bc5,0.9949832775919732,0.02150023889154324,Bot
0xdec7d0b66a27815ef3d519b28522082aeaa95512,0.9323936932632585,0.021739130434782608,User
0x0b0cc53940dea3957a55c74368f0e6efd58da3ed,0.8908265647396082,0.02197802197802198,User
0x812f6373a0d78789f4d4618331b3e34052cc8fda,0.9945054945054945,0.022216913521261348,Bot
0x472b94fe9fa7b664dae953de31649cab4dab2e55,0.9429049211657907,0.022455805064500716,User
0xf3f1a21719cf070e3787718afdfc8d41820bf878,0.8908265647396082,0.022694696607740088,User
0x1437459e1f932d86ee97ab2dfac058fa0a60769c,0.9942666029622551,0.022933588150979456,Bot
0x26a185ced58b6416b1fe73dbf1d25cf009edd256,0.9940277114190158,0.023172479694218824,Bot
0xa863fc082f94a57353f9ae0480e7bec6badd9a60,0.9567606306736741,0.023411371237458192,Bot
0x6f45109fff383ae808c73b99e2fcdca337307c8b,0.8908265647396082,0.023650262780697564,User
0x2aa6845f7e84b2cc1619c823bf4f6b04ec733f2c,0.9937888198757764,0.023889154323936932,Bot
0x9f59ed46b523dc0cadae811244ab2ea53aa5dcd0,0.9935499283325371,0.0241280458671763,Bot
0x123a1eb60eaeb12f48340a9adacd2408e8d91e86,0.9933110367892977,0.024366937410415672,Bot
0x2fc2faf2bf658f41692229a220b5984540f5a885,0.9429049211657907,0.02460582895365504,User
0x5042a9253bee7bf2b251d4c11257d84ba82209be,0.9930721452460582,0.024844720496894408,Bot
0xcb5ef525884df328d48018f4196f295340b2aa82,0.9928332537028189,0.02508361204013378,Bot
0x7c824542b2f373cacb1eabbd77de2e0d862393dd,0.9925943621595795,0.025322503583373148,Bot
0x96d14527698a1ffe22d4a431a98a27d5e79cd0d0,0.9923554706163402,0.025561395126612516,Bot
0x786471cb72eb2e61ae20dfac60f8855145c9734c,0.9567606306736741,0.025800286669851888,Bot
0xf00d89518c771f126ea4b80fa237f6c6f6eb2166,0.9429049211657907,0.026039178213091256,User
0x4920ee8b476e555d16655b5051b5a7276f26fa0b,0.9921165790731008,0.026278069756330624,Bot
0x40ba6e0d8c682b8a54a795af7ba33ad9347f3f8c,0.9918776875298615,0.026516961299569996,Bot
0x68aee548cd7f0f2cb79f81c5482c40059df838e3,0.9830387004300047,0.026755852842809364,Bot
0x77b75d2fb5176477900f585fa8b7cfbde25c96ab,0.9429049211657907,0.026994744386048732,User
0xd976d89dcd6f1a47d99fbb35e39bbaaf820dca2e,0.9660774008600096,0.027233635929288104,Bot
0x9f4f0ef2e52110e0fdd63b41280c5fc681505013,0.9794553272814143,0.027472527472527472,Bot
0x4202577b18d2f380b9dbe61ee2ee5ba6bb105bc0,0.9916387959866221,0.02771141901576684,Bot
0x38d8183bec3929b9f0b423e3b35d3ab3fd49a5f1,0.9913999044433827,0.027950310559006212,Bot
0x30d93e58039ccdef4c16ad8cdc3a10b36bc2887a,0.9911610129001434,0.02818920210224558,Bot
0xe7e2dd7c7af1522cbc80cc5c06374208ef96a21c,0.9909221213569039,0.028428093645484948,Bot
0xf521020083561f97bd4ead7f30d92b7305b04278,0.9906832298136646,0.02866698518872432,Bot
0x760a44ec5be3132660b222e4d422243dd2f0fa4d,0.9904443382704252,0.028905876731963688,Bot
0x9bc8a7ddd45a5d25f18347a45c140168c676d892,0.9902054467271859,0.029144768275203056,Bot
0x86580193b09a81cad59d4c83eb7645bd3818fd49,0.9899665551839465,0.029383659818442428,Bot
0x1755b8620218b23b0fca7263bcd747e966e91603,0.9897276636407071,0.029622551361681796,Bot
0xc3952869c41b1ea4c1a12d1574d90eabbb94933c,0.8908265647396082,0.029861442904921164,User
0x6969faa582e74c66c6687c931e9b5e9cee8a9d00,0.9894887720974678,0.030100334448160536,Bot
0xc0c68d0abc32b29071f55cf750c4bb392ab96697,0.9892498805542284,0.030339225991399904,Bot
0xe18bc93d39f5795f02ef88a0c63ba6af3fa7338d,0.989010989010989,0.030578117534639272,Bot
0xc4293c46e69b13f22c7519fbb18002c25f97bb10,0.9887720974677496,0.030817009077878644,Bot
0x7ff93e1c78c189bf951cd93e5ef14bf84f9eaf0d,0.9882943143812709,0.031055900621118012,Bot
0x4cd0224bbce2aab6dc7c46385189e4578d7ada99,0.9885332059245103,0.031294792164357384,Bot
0x9a288d513a4dc0d55b0422e1966bde19d274d4fa,0.9878165312947922,0.03153368370759675,Bot
0x77ed38fbc54658b7054ca4debb2f9117f5e26133,0.9880554228380315,0.03177257525083612,Bot
0x3d7564e78b7932df88dc734d1893a44166641aaa,0.9875776397515528,0.03201146679407549,Bot
0x422dc64f110270ec0642877cbb3e61d804175176,0.987099856665074,0.032250358337314856,Bot
0x72078038d8fc67caad6843985850059ec35c22e7,0.8908265647396082,0.03248924988055423,User
0x02adfd90e5659f5a6cb1cae68804c1ac81f826d1,0.9323936932632585,0.0327281414237936,User
0x4911ba81b57ded8ffb34fa7c25b68a10de6fd144,0.9868609651218346,0.03296703296703297,Bot
0x1fd38639a77f7421c6e972c103333abf98077963,0.9866220735785953,0.033205924510272336,Bot
0x1f816ec6ed008625e2e18ce8f9a0535aaf856c7c,0.9863831820353559,0.033444816053511704,Bot
0x58e1b41a719bf396cb520ef88bbc2c86ab6df041,0.9873387482083135,0.03368370759675107,Bot
0x78b4733fef7ee3a5e233d9d7840ac7af174ca2ad,0.9859053989488772,0.03392259913999045,Bot
0x35c3443c35fd8a28849cd755bf281abbde35d24a,0.9861442904921166,0.034161490683229816,Bot
0xd5911ccf83c9148eedfe46d1e065234e9930a875,0.9856665074056379,0.034400382226469184,Bot
0x67e2728c065aaba9b7989c77300cf0877bf91017,0.985188724319159,0.03463927376970855,Bot
0xface49e65353f3abfdb2632f17d016441a433db6,0.9323936932632585,0.03487816531294792,User
0xf66dfb818a1016b6dd005e1b796e622df06ce0ad,0.9849498327759197,0.03511705685618729,Bot
0xc342c2b1ce71c848935a5534e0038a26cc4accc7,0.9847109412326803,0.035355948399426664,Bot
0xe4ad58a1ce45c7b88a2ea97ade793806c94b5678,0.984472049689441,0.03559483994266603,Bot
0x73f6d9ae807dc019eb9ade31956a71018a619f57,0.9842331581462016,0.0358337314859054,Bot
0x29e3f9eefe04d77c89533dc317fe980edc89665f,0.9835164835164835,0.03607262302914477,Bot
0xb2ba2c098acdc7423f6773097dcdb563c2820171,0.9832775919732442,0.036311514572384136,Bot
0x3eac82e6c25ce66d8b34145ab25ce9d5ea1951e2,0.8908265647396082,0.036550406115623504,User
0x844d6b1913def988cc7c4f698b1715df6e7b0c4e,0.9839942666029623,0.03678929765886288,Bot
0x17d4a1ca90773e2bb4e203e8bbe6ced6cff5e244,0.9837553750597229,0.03702818920210225,Bot
0x350a8c71fab8c80fd74abb82892d82bd0163a1ef,0.982560917343526,0.037267080745341616,Bot
0x71bccc47e90d7819804220a95d9610eed571fe53,0.9827998088867654,0.037505972288580984,Bot
0xef71750c100f7918d6ded239ff1cf09e81dea92d,0.9818442427138079,0.03774486383182035,Bot
0x93131efee501d5721737c32576238f619548edda,0.9820831342570473,0.03798375537505972,Bot
0x162e7dbb292896d8524d1fcc7617dd743d10cb4e,0.9512661251791686,0.038222646918299095,Bot
0x872675e4dcb71566b9acc438c5190a34e4f9d30f,0.9816053511705686,0.038461538461538464,Bot
0x6f16d0b3c805b34a2fae98c37822ac0b0f76e8d1,0.9813664596273292,0.03870043000477783,Bot
0xc2e25e25dbec18acf329ecdd0216f62625658d3b,0.8908265647396082,0.0389393215480172,User
0x36dfb065bc7d3eacd67b4b3968f5e2279739c7ff,0.8908265647396082,0.03917821309125657,User
0x41c1feab7865c2684e5360a342b637935c7aee19,0.9806497849976111,0.039417104634495936,Bot
0xe9ba00136b0c32fc864e1b3d4ca72541e871e44d,0.9811275680840899,0.03965599617773531,Bot
0xf11b60293d888c9863bd5b246a95bf0f0f9f4d8b,0.9804108934543717,0.03989488772097468,Bot
0xd0848d679695ed232f87f1854353f45582397ddc,0.8908265647396082,0.04013377926421405,User
0xa271d199f67c0ffb659b2f4b68126deb6b2904e9,0.9801720019111323,0.040372670807453416,Bot
0x34467a8ebd4dda266654ffa48303fed29bf5ed11,0.979933110367893,0.040611562350692784,Bot
0x6fb7bb9c001bd4355d68ed10f4c350ea8653f794,0.9808886765408504,0.04085045389393215,Bot
0x24d04b5dc82e3e449708440cee55f884f5b6b945,0.9823220258002867,0.04108934543717153,Bot
0x5ed9e3998957edd2a8350be569286348b261415f,0.9796942188246536,0.041328236980410896,Bot
0xa312373faa18649689959cb5b8a2be95d63452bf,0.9792164357381749,0.041567128523650264,Bot
0xbbd4ec62df5cb1beaf441396c435ce21e23ce44e,0.9787386526516961,0.04180602006688963,Bot
0xc228414d035ed97c1ab2c7513113aa913cd5c252,0.9784997611084567,0.042044911610129,Bot
0x15e18c407417ee2d9f61afa66158552b8596dab8,0.9782608695652174,0.04228380315336837,Bot
0x4b52f9f291a6eafa6ddd250f71900c7409810e79,0.8908265647396082,0.042522694696607743,User
0x8e546e25206b5e13726705bdca5356072a3215d3,0.978021978021978,0.04276158623984711,Bot
0xfeb8bac57bc7c3dcce15b075e8d73b6d67dac9b9,0.9777830864787387,0.04300047778308648,Bot
0x2578189e9e1ba7cfd6916aa6eb874972f7db29b9,0.9789775441949355,0.04323936932632585,Bot
0x1421fcb12d209ab56bf843e1a9f2f8a62a4ec2bf,0.9775441949354993,0.043478260869565216,Bot
0x2ec4c8ebf7be5d8d37073919d18c21ef71f93e97,0.97730530339226,0.043717152412804584,Bot
0xf7a15601ae851d3ed6bd19456b8d063a88bccd76,0.9770664118490205,0.04395604395604396,Bot
0x1026df41a10bb5057d4f08261d907893f2d5f78b,0.9768275203057811,0.04419493549928333,Bot
0x1c7aa22e001a6b53f2b43325140c2899f0916333,0.9765886287625418,0.044433827042522696,Bot
0x740d5718a79a8559feee8b00922f8cd773a81d84,0.9763497372193024,0.044672718585762064,Bot
0x278c834f3f1d58d55977d29624b6a6b93c81f0a3,0.9761108456760631,0.04491161012900143,Bot
0x47816ea154d342956034f43bc691fb8ce0812d0f,0.9758719541328237,0.0451505016722408,Bot
0xb158c00bafae14a2eb8235c3a84e1c56a93fc6e0,0.9756330625895844,0.045389393215480175,Bot
0xa1d2a9d1a606b7cce2e04c908063ab1eefbc3042,0.975394171046345,0.045628284758719544,Bot
0xf6ad9107a965ac61342fdf416b420444adbd2e17,0.9751552795031055,0.04586717630195891,Bot
0x1ff29119823af8c3d5c87b0b53bab9d3b9e7d1c2,0.9749163879598662,0.04610606784519828,Bot
0x345a12ff521d21e1567f12e8278274e19f701dcb,0.9746774964166268,0.04634495938843765,Bot
0x20c7be6184980b14235f605c1a13a072e3091db9,0.9741997133301481,0.046583850931677016,Bot
0x623134e4b90f41766064c00c82e390cc6c752fdc,0.9739608217869088,0.046822742474916385,Bot
0x8f93f3277a0790bc63b79d039af948ddb38465b2,0.9744386048733875,0.04706163401815576,Bot
0x409a2b6277b1c5ffa77f65373b21ab834f0923c3,0.9737219302436694,0.04730052556139513,Bot
0x32ec8541bb748d7e23d3ec2f24cd06054c13a4ec,0.97348303870043,0.047539417104634496,Bot
0x747f36397d8266f6b2cd1d473be7ee754f864495,0.9732441471571907,0.047778308647873864,Bot
0x1b88149ab4c4e0993485fd12674e294542cfba35,0.9730052556139512,0.04801720019111323,Bot
0xdaede011f33ac06268268df8f58ea59845202820,0.9727663640707119,0.0482560917343526,Bot
0x957807b362f882d75e473479cbd91ca9f45c4d64,0.9722885809842332,0.048494983277591976,Bot
0x6c4447ca464404c85927414db37a8a8bf6ce2969,0.8908265647396082,0.048733874820831344,User
0x06802e3f6e113d30853620626b6d21761953fae1,0.9725274725274725,0.04897276636407071,Bot
0x8e8e289f79e878fe4c234f8ae582cd6f3a29c26c,0.9718107978977544,0.04921165790731008,Bot
0x8530ddd0508148c12595f3bce669918ebe3b1432,0.9720496894409938,0.04945054945054945,Bot
0x6d4829856f8d195a71ee854a76d08286fe8bed01,0.9715719063545151,0.049689440993788817,Bot
0x21b73e5a6fb2d33d1429a947e5bb024f02ed6ae1,0.9567606306736741,0.04992833253702819,Bot
0x65c6bad5546e064838115efc12993fdea407acca,0.9713330148112757,0.05016722408026756,User
0xda44acb1c609247d4a30b3310dbcceac0b075bb1,0.9710941232680363,0.05040611562350693,User
0x50e5d0afada98f8b003f34df86cae900a168fff3,0.9708552317247969,0.050645007166746296,User
0x830537844cba930f4aa0027e1c79f8d395b504e2,0.9703774486383182,0.050883898709985664,User
0xcd18577efcb78eb09340e78bfadb5f4fdf1b8421,0.9706163401815576,0.05112279025322503,User
0xc8f5afc81ee2a6409eaa2c8e3ae4677ee671fdb1,0.9701385570950788,0.05136168179646441,User
0x23e8fe685bacd6720d22d0f3ca79e292c48381a8,0.9698996655518395,0.051600573339703776,User
0x369ca31f7272d13cee114c41eeffa81c06086102,0.9696607740086001,0.051839464882943144,User
0x697e1f365d087efa3b167cd89a4f845794433dc3,0.9694218824653608,0.05207835642618251,User
0xecf224c232670b366b64d5b4683e0c0b253cd476,0.968944099378882,0.05231724796942188,User
0x5d70367d990ef1daf9c460bb21d6ca59639c9009,0.9691829909221213,0.05255613951266125,User
0x6263d8d49486ce340d0535b4ddd07992bdb86501,0.9684663162924032,0.052795031055900624,User
0x7b0afea38b2e98849c6596218f81ae7f43b395b9,0.9682274247491639,0.05303392259913999,User
0x5ec3ed662ee37689cfd2a3e174d0ba97e49b1c0f,0.9679885332059245,0.05327281414237936,User
0x0b919e8e21ddfadbe8d9a0f7687b69c20058a48c,0.9677496416626852,0.05351170568561873,User
0x244843f8e59a23d5f67e87026f5362d1babbb408,0.9675107501194458,0.053750597228858096,User
0x443217b6de69f9239f3517c609fba963e06d19d8,0.9429049211657907,0.053989488772097464,User
0x0000c825f20f040f6b2fc59493a9bd48adbb4fcb,0.9512661251791686,0.05422838031533684,User
0xd9bc94393d95814cd0daf0f423dbc8d29761a11c,0.967032967032967,0.05446727185857621,User
0x1f4e9f2981b2b08043e8b75233fef96f1868c4e6,0.9687052078356426,0.054706163401815576,User
0xe3384cee37bfe6c1af39b8489cad40f719caf743,0.9660774008600096,0.054945054945054944,User
0xfcf250a8dddbe7081eafff1bf86dcd547a12a87b,0.9667940754897276,0.05518394648829431,User
0x866442770ccac1e74d429e0b9f74a36fa7521208,0.8908265647396082,0.05542283803153368,User
0xe815e741f6f13a7e5c078519d95dc7f9c5ef0a20,0.9658385093167702,0.055661729574773056,User
0xa5ac1995c352769f2e7f81953a421fbe23d3172e,0.9655996177735309,0.055900621118012424,User
0xdd49be74bc2499c4cd8a3720668ad246df1a3246,0.9653607262302915,0.05613951266125179,User
0xbe44011401340d1c5cfcc0eba8deb2c1beba5a82,0.965121834687052,0.05637840420449116,User
0x4b5ff7bdfb137fd764e08683f6500b58a23c2390,0.9648829431438127,0.05661729574773053,User
0x9542fd6e4fd46208b33e161a5acff4d3ce89136b,0.9646440516005733,0.056856187290969896,User
0xc4aa98d6a6a9cfd7f75f75407574e0ffacea67d4,0.964405160057334,0.05709507883420927,User
0x8c4b8a07221e29696026a661fae7c51aa83835de,0.9641662685140946,0.05733397037744864,User
0x0b511c1c0af93c26ebfceaba8692ff751908aa4d,0.9639273769708552,0.05757286192068801,User
0x3610d588ca9b4ed3e3466401b2c9f927c69a7b3f,0.9672718585762065,0.057811753463927376,User
0x5ba89021b70d375468c5b32212f8f44305b5f6c0,0.9634495938843765,0.058050645007166744,User
0xfed8932824089a1e48400a847e6e824326356d05,0.9632107023411371,0.05828953655040611,User
0xefe9250ed225d75e9cac5a2c0704617bcdeaecba,0.9429049211657907,0.05852842809364549,User
0x4023615a297d7dba3570a7622213c47f225f6cd4,0.9629718107978977,0.058767319636884856,User
0x921690ecfd19d6488c5ca9fa01dfdf7129d633fb,0.962494027711419,0.059006211180124224,User
0x38808ec253447d0d9640dd70442e2aa2ae612557,0.9627329192546584,0.05924510272336359,User
0xf9c39db1583fb663354773582264eb28346efebc,0.9622551361681796,0.05948399426660296,User
0xae047453f0a5ae53b32b53e7e5b7083a220422c2,0.8908265647396082,0.05972288580984233,User
0x7cc24d01396698e9d1158c08ff6b3e2cc835517d,0.9620162446249403,0.059961777353081704,User
0x402daf2ea624cd16274b5895bb497312d9d0ddb2,0.9617773530817009,0.06020066889632107,User
0x9fdcc4795900c18463c4389bbeb73511e49d8a63,0.8908265647396082,0.06043956043956044,User
0x66f7ae54b5519e3a9e2960cb6fb096a352b27c51,0.9612995699952221,0.06067845198279981,User
0x43f3f14521a80283d50e9351e31fec88425baf64,0.9615384615384616,0.060917343526039176,User
0xd0ea3ffbb53a39033ab4f99d6c01c85810a8a476,0.960582895365504,0.061156235069278544,User
0xc42f87342c42fbf729d9f2dc58997212199169bb,0.9608217869087434,0.06139512661251792,User
0xb61b128a8d03385ce432ba60578d2acd84098d82,0.9603440038222647,0.06163401815575729,User
0x9e01c606ea8de70f7b37b1fa6a940cb0933d9d91,0.9610606784519828,0.061872909698996656,User
0x9a79a11b2c681c7f245fbb462d0263b99c3f3e72,0.959866220735786,0.062111801242236024,User
0xfc1a647df488cdce45bfcce7c727d5c54cb359e0,0.9601051122790253,0.06235069278547539,User
0x5d8c7014cec42de2d17518cd75dc00742b25a446,0.9660774008600096,0.06258958432871477,User
0xcf9c880d696af9622b22bc0e5f9e0f8b3ca1a3f2,0.9593884376493073,0.06282847587195413,User
0xed29833f682a9cb13d43d4bd4add70ebffb60609,0.9591495461060678,0.0630673674151935,User
0xe5b61f2541e9ad04ab0f44e075204ef42913958c,0.9593884376493073,0.06330625895843286,User
0x583bad8e4e71c490aa98d51d60e8daa4ebe9328c,0.9589106545628284,0.06354515050167224,User
0x55ca80573d8abe1e80cb14f2b0d0d43515fa3906,0.9586717630195891,0.06378404204491162,User
0x5c41f6d895345abe36dfffa627cf80ecc5d98552,0.9584328714763497,0.06402293358815098,User
0x18c44da58f661420814e8ee1c684dfbb8be81ad4,0.9512661251791686,0.06426182513139035,User
0x980741be97ebe20946970bfe5435f00e861c57fa,0.9581939799331104,0.06450071667462971,User
0xd10f3ee12baf8c0aeb11abe4257b18586a4dca95,0.957955088389871,0.06473960821786909,User
0x11b89fedd089e4bb31d8eab59471896fee5309bd,0.8908265647396082,0.06497849976110846,User
0xf70935dc3807821ad77812c7f6a2c7bf115a82e0,0.8908265647396082,0.06521739130434782,User
0x59d0526dda2fe8b11a5fe8bcc181875cbab73b50,0.9562828475871954,0.0654562828475872,User
0x49c1dc6e5de7010e2e9ddc85210f9dcb0f0ec216,0.9560439560439561,0.06569517439082656,User
0xe5e503ead8651401a9f7e4ffb4b72c939910cc55,0.9565217391304348,0.06593406593406594,User
0x8c030f66ead84499d8cd82d7216950428cd7e587,0.9558050645007167,0.0661729574773053,User
0xec5116ef5984877ff820e4cf5a5cbc87a409980a,0.9555661729574773,0.06641184902054467,User
0x8b21dca8f14ee3019b733e6bac9531161aa871bb,0.955327281414238,0.06665074056378405,User
0xf053713adc46235192dd47b0cfebe818af783086,0.9548494983277592,0.06688963210702341,User
0xdaaab1dfc367efc5e66608b9f0d956a42c810fe5,0.9550883898709985,0.06712852365026278,User
0xeb6b619f2763e92316c612b4dd28b461615e8dd8,0.8908265647396082,0.06736741519350214,User
0x3a5963bb3b60b457bee54fe387ba7d6b8b2e9ae5,0.9546106067845198,0.06760630673674152,User
0xb1b2d032aa2f52347fbcfd08e5c3cc55216e8404,0.9543717152412805,0.0678451982799809,User
0xe1db4c4185a9d169a68b25dc931b1d261fa76663,0.9541328236980411,0.06808408982322026,User
0x676ab3ecdd7ad65f7a9ccfd4ec919d1c5b7c98af,0.953416149068323,0.06832298136645963,User
0x161419e5067d5705287cc04f97fe50c519a59e28,0.9529383659818442,0.06856187290969899,User
0xcf399390bc5c48bf249142565504702f56f7f868,0.9536550406115624,0.06880076445293837,User
0x519fc0eb4111323cac44b70e1ae31c30e405802d,0.9538939321548017,0.06903965599617773,User
0x54cd4ed498f3333a7312752f079412adb7d3f5ab,0.9531772575250836,0.0692785475394171,User
0xb9b32a7bfef19cb5006ac2447ef5d0b6e9d58a9f,0.9526994744386049,0.06951743908265648,User
0x6393e943ebef0efee0ac92e2d441d562fa6345a4,0.9522216913521261,0.06975633062589584,User
0x29d5991dcf42fa2505bf1d84473ec382cd3b0ee6,0.9524605828953655,0.06999522216913522,User
0x2760e08716d5dd9403af9eb2de47bc9450d1e781,0.9510272336359293,0.07023411371237458,User
0xdc45955f508001128fcb11c18940f8be4d690010,0.9507883420926899,0.07047300525561395,User
0x4755cb2bf13cf07a00368ae4a2ea4de2eb1dc1a6,0.9503105590062112,0.07071189679885333,User
0xc29dbc10671603d8483f3220b1f6130acfb45c13,0.9505494505494505,0.07095078834209269,User
0x1b9a72dd64bdca87ab70cf8600c36adefdbadc51,0.9500716674629718,0.07118967988533206,User
0x84e18c59370a53277a1cab44729838a67b1cf7ed,0.9495938843764931,0.07142857142857142,User
0xee1d92b40c88fd3e51fda704b0b18635b7052f7d,0.9498327759197325,0.0716674629718108,User
0xacb783ad79d03d92d0edfa44bcc07e1c0731f158,0.9493549928332538,0.07190635451505016,User
0xf327afdc3010f68dd4324e46ba70d4eac5415130,0.9491161012900143,0.07214524605828954,User
0xd16286c76df9cc5cad13460227370f1e95d7a367,0.9488772097467749,0.07238413760152891,User
0x252ba941e1f3e1b0aec919ed9b700afcfbb6c139,0.9486383182035356,0.07262302914476827,User
0x0028c0b0ef817fc7bedcaf6c9bde375736fa7f1b,0.9483994266602962,0.07286192068800765,User
0x94994d64e36d06c69068c89d032c29d9fd0a978e,0.9481605351170569,0.07310081223124701,User
0x7e5f7689c4d35f729ed45e8b57df2cdb7ed48899,0.9479216435738175,0.07333970377448638,User
0x7e25f8488d25152437dbecc787f655966dd00c67,0.9476827520305782,0.07357859531772576,User
0xb267418aef42480af7d65e83f1496c4ac42f718a,0.9474438604873388,0.07381748686096512,User
0x39a3a9fbe02aa990f584241ec25942aa01d7609f,0.94696607740086,0.0740563784042045,User
0x1ba9c4f75a52cd7cd7d93622f6518775ba093092,0.9472049689440993,0.07429526994744386,User
0x8568ec181e430656cd408391e916971e47edeeee,0.8908265647396082,0.07453416149068323,User
0x9b29a0a4b9979b2f650c7a1a32382badb346c3f8,0.9567606306736741,0.07477305303392259,User
0xfbfd93449c4a988f8815a55f030af31246b810fa,0.9464882943143813,0.07501194457716197,User
0xacd5250c1a44eb001be341cf42d91cb55a22543c,0.9462494027711419,0.07525083612040134,User
0x90634ae49b7d4440c2786d4dab6bd545f50e2833,0.9460105112279026,0.0754897276636407,User
0x31c2925195e8638acab14127e9baa873c75d1c73,0.9457716196846632,0.07572861920688008,User
0xaadf125ab9461ff16f44bc8b3bd7742ff81b996a,0.9455327281414238,0.07596751075011944,User
0x560b50f797a826a70033109cc0d992605472c653,0.9426660296225514,0.07620640229335882,User
0xef4829972cef6b2719edf3534e0539d6d551d63f,0.9467271858576206,0.07644529383659819,User
0x98bf02d25e1ef7e67c708f1f6582ab7f32aedebc,0.942427138079312,0.07668418537983755,User
0x11efda5ad16ede6ee9a5d6ad2a22a88902f6776c,0.9419493549928333,0.07692307692307693,User
0x78c1479b1a6258e61985071eb24bc6c189268ef3,0.9421882465360726,0.07716196846631629,User
0x10d82b4a87be6084a21dc62aaf6bc01ce02d1b7e,0.9417104634495939,0.07740086000955566,User
0x62256294c343af50390114be7bdd69c60e23112b,0.9414715719063546,0.07763975155279502,User
0x2092bbdb817be666c29fbbd03fb9014476bc9240,0.8908265647396082,0.0778786430960344,User
0xbb9082fa5950edcc1bb940c36d6663b6cd13eb6a,0.9412326803631151,0.07811753463927378,User
0x743782392736923afb9596fdffbfbe2845dce05e,0.9323936932632585,0.07835642618251314,User
0x2f38705825cadd80984eb754c4df0575c49437ed,0.9407548972766364,0.07859531772575251,User
0xeefd444c1ee5489e6fa02964e1be816c85ca0897,0.9409937888198758,0.07883420926899187,User
0xe45ecad9d7b8c872610d1122e8725db9fea6c1ce,0.940516005733397,0.07907310081223125,User
0x95689cbbc3a007fc28f085e9ac76c02ced449c0c,0.9402771141901577,0.07931199235547062,User
0xce4850a73ed2b7b2aedead73f817bde6e7b2d9c2,0.9400382226469183,0.07955088389870998,User
0x511b0457c07f5f16992fa1a4831745093de9ff1d,0.939799331103679,0.07978977544194936,User
0x9e9e8d1b747021bfb104d42590a06f2883debd5d,0.9395604395604396,0.08002866698518872,User
0x4d79aac9102d8235b645e494df0dcb695ed0d509,0.9390826564739608,0.0802675585284281,User
0xf2a3edd7cc6f9a2b076e002f3442e542caf73e9f,0.9388437649307214,0.08050645007166746,User
0x212fe6c0fdbb6458b6db95948c375986daf69378,0.9386048733874821,0.08074534161490683,User
0x1ea6118a50f78a4402bd3db1134f5bf806e1e106,0.9393215480172001,0.08098423315814621,User
0x078582cb0e3dddeb4e166ed2906da6042dd204a5,0.9383659818442427,0.08122312470138557,User
0x3bf12feaf4ebb3755c432eb1f47525f02eb2906c,0.9381270903010034,0.08146201624462494,User
0x1b0131f74be6de69ddf49affc385c1a1593c75c6,0.9376493072145246,0.0817009077878643,User
0xf1b48634169018bd5b02906d77c8c9b738a87bcb,0.9374104156712852,0.08193979933110368,User
0x9844928d0c83506ea66e6ac937f9596d43d6c570,0.9371715241280458,0.08217869087434305,User
0x20b758419b9fd7e6547f3512cbb01d0cadd6a3b6,0.9369326325848065,0.08241758241758242,User
0xe379790a590a5f7b002670dd212e19d44959dd15,0.9366937410415671,0.08265647396082179,User
0x6b46e45806e168720df7a09b3f7c7248cc394a6c,0.9364548494983278,0.08289536550406115,User
0xe3aca0600e319a5d9e0f383804a42dc1e758a2d6,0.9321548017200191,0.08313425704730053,User
0xcb4d54eb6bf15b009fe66a89ec5fb08ba41741fe,0.9323936932632585,0.08337314859053989,User
0xc05853ba022655afa6d3deb0b6252ef99060c6b6,0.9323936932632585,0.08361204013377926,User
0xf445a0b0e185339cadac4849180bc51fcb817ba5,0.9319159101767798,0.08385093167701864,User
0x4cce6df5c0de9e549a4764ab9b83343e24224ca6,0.9316770186335404,0.084089823220258,User
0x51ab1334c8de64c328a1be29f9d138e3d5d60613,0.9311992355470616,0.08432871476349738,User
0x7f090dcd17e065ebbac4c8ecb723340485dc42f8,0.931438127090301,0.08456760630673674,User
0xf694d9aeb3905f0d07d1848242183c316432b397,0.937888198757764,0.08480649784997611,User
0x02adaca67dfb00c7c33db89943ef2288c0f94529,0.8908265647396082,0.08504538939321549,User
0xac6ab7b6b93baa1ee4908898e9bc98e24ab36cdf,0.9309603440038222,0.08528428093645485,User
0x9227f5806921a33c22b53e87200a932937b768f7,0.9304825609173435,0.08552317247969422,User
0x721fd23ad28099cfa19a236edf36545b7a5d5c56,0.9307214524605829,0.08576206402293358,User
0x672d3ad71db8761e1fc2de5c669f273ac2f3b68f,0.9302436693741042,0.08600095556617296,User
0x725f88d427bb943324a7f106cd2eddcb3fea39bd,0.8908265647396082,0.08623984710941232,User
0x9bc60c5e46ca65f21c2533b4e1da22826965333c,0.9300047778308648,0.0864787386526517,User
0xc14deefe68784c5a8aae35c7f1fe3891ee659fa0,0.929526994744386,0.08671763019589107,User
0x55db4b6e81f29b6df869c0ebec9a11e5ff3a9676,0.9297658862876255,0.08695652173913043,User
0xc0a9abfbfe4624409b657bbe5fab4eb98cd7a561,0.9292881032011466,0.08719541328236981,User
0x8d521f0c527fca031d8d73e82145ac34b3f0423b,0.9323936932632585,0.08743430482560917,User
0x5830d48becb2cee1c74d24a869ef0ea41e4e1754,0.9288103201146679,0.08767319636884854,User
0x34be1e749e038a4462af06593d8f2449d1e1c283,0.9290492116579073,0.08791208791208792,User
0x64bcdff960912c7071ad57bc22a5acc38c99db72,0.9285714285714286,0.08815097945532728,User
0xaefcf6ae245d3960d4a4d6050d9b02790c6bc375,0.9283325370281892,0.08838987099856666,User
0x0890f5aa9885c8a5b6105f66518a06b6c92eaba0,0.9280936454849499,0.08862876254180602,User
0x37258f549802829f160ed1fd6474baf32ef3a19b,0.9278547539417105,0.08886765408504539,User
0xd1aeb0608602dce83fc9e4d3a0781562c1940e60,0.9273769708552317,0.08910654562828475,User
0x3ed524e35b2ea3cf106de6ac5aead2ae7727a6e6,0.927615862398471,0.08934543717152413,User
0xe4e406171bcbf0b9b1ff990691c289b20471b654,0.9271380793119923,0.0895843287147635,User
0x146ecaa182f4a0ec4d7b7ca55932ce30d1a299e3,0.926899187768753,0.08982322025800286,User
0x35c4ec079567548d2dc869102bb00c211e08af30,0.9264214046822743,0.09006211180124224,User
0x048098513631f1832130f655598086899b2079e2,0.9266602962255136,0.0903010033444816,User
0x2388295c2e46d527ebaf907a9ed9cc51d59a2eff,0.9261825131390349,0.09053989488772098,User
0x338a07cf3e117d446ffbd3bc4a60787f892be222,0.9259436215957955,0.09077878643096035,User
0x1879a4ea25b65015c412c71049716ac5e710dfe0,0.9254658385093167,0.09101767797419971,User
0x3df37687e32678b34986a645fbe2b992ebc37aa6,0.9252269469660774,0.09125656951743909,User
0x72ac43e6411a2de62fd88c622c6c1116293f9d6f,0.924988055422838,0.09149546106067845,User
0x8936105fc2217b46870a2b7aaaf8370692776ecb,0.9247491638795987,0.09173435260391782,User
0xaf6db1e8e36612dd16722c285fb2ce9672d6089c,0.9242713807931199,0.09197324414715718,User
0xee488c79bad66f3c15c86ebafc15777b448c1b8a,0.9245102723363593,0.09221213569039656,User
0xf3f81e8627c9f3d508119d412d82716e3ec4d175,0.9237935977066412,0.09245102723363594,User
0x636c0f737db4066cb2c9366b00e60c96787f647b,0.9240324892498806,0.0926899187768753,User
0x150e11ed65ea273951e07035646120db52c7c7d5,0.9233158146201624,0.09292881032011467,User
0x7e426d4c01f11967fe45c13f468bf7a28be54cdb,0.9230769230769231,0.09316770186335403,User
0x4bcc162c56adb9e4d7e7cdbc95b71d82012326c8,0.9235547061634019,0.09340659340659341,User
0x977cd6df0ecc3974c5526130231d4ba66bca7b8b,0.9228380315336837,0.09364548494983277,User
0x8785845752df73c7cdc546cfdd65522ed1ccd537,0.9225991399904443,0.09388437649307214,User
0x6ec6a594f94d7f9ce7d1a8fdaeffebb1275a8530,0.9221213569039656,0.09412326803631152,User
0xb2bd486c1355affe349d576f6964693f3112c055,0.922360248447205,0.09436215957955088,User
0xf6acff7415e2d47192ba11bfef1d09479745cbbc,0.9218824653607263,0.09460105112279026,User
0xae88a8c28acc3f7613c52284ca00b4ffe907180b,0.9216435738174868,0.09483994266602962,User
0xd690ff94b5986f87c362c8e793ca1cf383267e22,0.9211657907310081,0.09507883420926899,User
0x1105fb6848a78f6529e02e80e376fbca589bfb80,0.8908265647396082,0.09531772575250837,User
0xf9ee873c5d88fb5c26dc840f6c8ab5be998a6092,0.92044911610129,0.09555661729574773,User
0x9cbe451f987bd17f147eeeca7dab6afda91b2256,0.9202102245580507,0.0957955088389871,User
0xd81b94bf0732d734f8a17dac894c76d53a7a770e,0.9206880076445294,0.09603440038222646,User
0xa4d03c64ac44152f08fac953fd26b196467c54f5,0.9206880076445294,0.09627329192546584,User
0xe311276ca777402314f92dbcec6e03cfad6e0e50,0.9199713330148113,0.0965121834687052,User
0x6cea788da91c5e0c9090152339292a8cdd80c93e,0.919732441471572,0.09675107501194458,User
0xb7c7e9d1d89daa67ef95e80d0d7fe1d21057d009,0.9194935499283325,0.09698996655518395,User
0x2d2926ac369e5b1d32e56d0fbbc7471ee29a8bcd,0.9192546583850931,0.09722885809842331,User
0x6840605f55d307bf007827660bf9fcd380dcd07f,0.9190157668418538,0.09746774964166269,User
0xb8acf06a8c53e0ac8d45e76583c4093f039e0d84,0.9187768752986144,0.09770664118490205,User
0x08b0d970e010944e86f477975506a7651bef8e24,0.9185379837553751,0.09794553272814142,User
0x502aaaddcd6e2d36e770d7ff4d58abd67f9b256b,0.9182990922121357,0.0981844242713808,User
0xd7b94b3415b73501f455334e93f66c36f42f9a83,0.9323936932632585,0.09842331581462016,User
0xa5cce50b52eba6c30be3f18def74a98472ff3f3d,0.9180602006688964,0.09866220735785954,User
0xb49330dd9ef31117052dd77035879b4ae3e6df3c,0.917821309125657,0.0989010989010989,User
0x0e14811f99447e31bd22e53fdab8060d732c2e64,0.9175824175824175,0.09913999044433827,User
0xc16b4f079d268e9551b4eb3a26c34b68833d0bc5,0.9171046344959388,0.09937888198757763,User
0x872034b2a8c04d3bf17159dc81cc42a16769f45a,0.9173435260391782,0.09961777353081701,User
0x2df7137d673e2cf6e87f563503cbadca1cd48a91,0.9168657429526995,0.09985666507405638,User
0xe73e76e3ddba532a3583888df330c82df1568e07,0.9166268514094601,0.10009555661729574,User
0xaab5711f1b82de914ae7641bbdc4e8b6a31d32f5,0.9323936932632585,0.10033444816053512,User
0x9a2f7b0e73be998259bc27d52b534280cd15b2f7,0.8908265647396082,0.10057333970377448,User
0x11245d9addae0251f4965951cd0dd74d4936fd79,0.9163879598662207,0.10081223124701386,User
0x4e2c1d274f303395da662523411757013c7aa76c,0.9161490683229814,0.10105112279025323,User
0x2cc2448ccf89183045eaf0e06eaed3c5ebd07da1,0.915910176779742,0.10129001433349259,User
0x8a71368f2035c4af96f636b18ed5337f8bfb2f8a,0.9323936932632585,0.10152890587673197,User
0xa661cdc1b0c87c571b89a3a3ca2a3938d2d327a4,0.9156712852365027,0.10176779741997133,User
0xd6bfec2be79546f3a6c7a06caa414587e3fe350c,0.9211657907310081,0.1020066889632107,User
0x2d838b26de6a927744174ab17222b80cb1c4f893,0.9154323936932632,0.10224558050645007,User
0x8456a2f12218fa373fe4a3b33ace969e9e0ec01e,0.9151935021500239,0.10248447204968944,User
0x705e64f2642b803efd8e3d03e1573ea0e5797bbb,0.9149546106067845,0.10272336359292882,User
0xf11bf2a27284afb5d11e8a5c5f44b18856e16836,0.9147157190635451,0.10296225513616818,User
0xc1858f5612edfc0adb2927ed7f1bcad0da04409c,0.9144768275203058,0.10320114667940755,User
0x55fc69a80ea300693035d98036b2a1922699d263,0.9139990444338271,0.10344003822264691,User
0xdf039ac54150cd419caa20d33395bda992103c1c,0.9142379359770664,0.10367892976588629,User
0x03a8a64cd680b9b224756aed15300b1fbbb392e4,0.9137601528905877,0.10391782130912566,User
0x1067af9fdd720332dde8c9150993664d5bff2445,0.9135212613473483,0.10415671285236502,User
0x2d2f8e404ab3422bc6672f9209ee151d1311a888,0.9128045867176302,0.1043956043956044,User
0xbeafc89fbb56825ef3cac5f1da8ff680902cc149,0.9130434782608695,0.10463449593884376,User
0xccedecab9a6e4277c436866fc26f8da2ebc5effe,0.9132823698041089,0.10487338748208314,User
0xe77bc44501a711e161de26f6b79336c77e5ce533,0.9125656951743908,0.1051122790253225,User
0x6bacd4bf8b81f0bbb913d247ac744fc535463679,0.9123268036311515,0.10535117056856187,User
0x386399b72d05691b94f8947ce50edc0fb6911ae8,0.9120879120879121,0.10559006211180125,User
0x2ca400d8fe36ac5ef863e67c8127eb10789d7e3b,0.9118490205446728,0.10582895365504061,User
0x7d485b5a043efd2474c55d196e4cc6e5d240c548,0.9116101290014333,0.10606784519827998,User
0xc008302eb8081ff4e30a64a3e9fc49bfebc133ab,0.9113712374581939,0.10630673674151934,User
0x855e6d4b7d55121b4e3b2a1ed04fc0fe8188d7b2,0.8908265647396082,0.10654562828475872,User
0x4f75f410f60b69c80f90775fb9879e9fc360b900,0.8905876731963689,0.1067845198279981,User
0x99c839a196497eda48c5dee9545ce10d497fd8f5,0.8903487816531295,0.10702341137123746,User
0x7470094e8b2f6187d3e3be18c3646082946e5342,0.8901098901098901,0.10726230291447683,User
0xfa86c0ff6ddc2243f9bd1329b82062841c1f646f,0.8898709985666508,0.10750119445771619,User
0x5a362a8a9a3553290ec188b6f9f066ff74928d0d,0.8896321070234113,0.10774008600095557,User
0x74c1b10a6a950cd66da5f735367b956d1505e654,0.9257047300525562,0.10797897754419493,User
0xe4f387d016452eecf97e39e770d809ba095e1ab1,0.889393215480172,0.1082178690874343,User
0xef0553793324f51cbf540feadfee0567b1ad472f,0.8891543239369326,0.10845676063067368,User
0xa150e76eb21c7ee9ef4f9e778b93f5c31c552c6c,0.8889154323936933,0.10869565217391304,User
0x3d0aa75f009020269e6eef2bc736952a2cb28d05,0.8886765408504539,0.10893454371715242,User
0xa307711f74c153afa9cd900e41817e1f2c4a5882,0.8884376493072145,0.10917343526039178,User
0xd4742439da2f03212495bb9492014bcde6ee419c,0.8881987577639752,0.10941232680363115,User
0xfcc283c9649c36a4a68e8f9c420eac24ef758fe4,0.8879598662207357,0.10965121834687053,User
0x723b1370abeac6d0741944c87d868ea48604e024,0.8877209746774964,0.10989010989010989,User
0xf3eae4e1fc8f9d681e2d4d559ffbdf1370f8a710,0.8908265647396082,0.11012900143334926,User
0x2fc4d69bbeedb1b92b4f263efd537e1f40ac7000,0.887482083134257,0.11036789297658862,User
0xf21756671e326f66d09085c5c8d3a4e5d7105586,0.8872431915910177,0.110606784519828,User
0x5ede260be0a59e3cd544278e05a442f86427cf41,0.8870043000477783,0.11084567606306736,User
0x1111111254fb6c44bac0bed2854e76f90643097d,0.8867654085045389,0.11108456760630674,User
0xa42fde55a8570cdddc83dbfe7cdae499f42b076c,0.8865265169612996,0.11132345914954611,User
0x81ab6fd4a68d0addfad65f9f97bc1427dcd40c8e,0.8860487338748209,0.11156235069278547,User
0xf8224ae998ee865cddbfca4fd77a9153376ed67e,0.8862876254180602,0.11180124223602485,User
0x7d4f45358ea8c6e237f5cb307552369d126b24ff,0.8858098423315814,0.11204013377926421,User
0x97f8abd75b11fed2605a42b241777a8da59c3635,0.8908265647396082,0.11227902532250358,User
0xb4c20953712ca1f366f7cd99026d96de0c2f68cd,0.8850931677018633,0.11251791686574296,User
0xe921b89b17c62bf2e85675ce6624acff4edeae41,0.884854276158624,0.11275680840898232,User
0x5fb724f9c707952405d42920953d83286bd878c2,0.8855709507883421,0.1129956999522217,User
0xfac19e9f628edf6648349167541e9817711220d3,0.8853320592451027,0.11323459149546106,User
0xe29c5f97859cfda61e29be61e66b6f0fbb6e5d7d,0.8846153846153846,0.11347348303870043,User
0x194ebf1b10a4a356080f4e7acfc7294f3b630737,0.9323936932632585,0.11371237458193979,User
0x31d49337529c8d74599b10c8d0d673b8312d40e3,0.8841376015289059,0.11395126612517917,User
0x9558bc2c0fa7f6cba540e7c305572ef64f9c6261,0.8843764930721453,0.11419015766841854,User
0x8b0df6a2ba2e0529de58a1ad819ab040425d522a,0.8836598184424271,0.1144290492116579,User
0x8eb682b3f4702fa3ab9d8b1ce3a52e253b976b41,0.8831820353559484,0.11466794075489728,User
0x64d8e51aca03865d6801dfc058687899892753b6,0.8834209268991877,0.11490683229813664,User
0x79bcfaceeb429b5915955a6e3c716701fc113849,0.882943143812709,0.11514572384137602,User
0x0946a950902f84fac7bdd21d945569614fbfa3b9,0.8827042522694697,0.11538461538461539,User
0xf57dad06cffaa5eb237580e05dc455857afd2362,0.8824653607262303,0.11562350692785475,User
0x2d1076d5c2ba273fada6ceac7ddbea53e2373ce1,0.882226469182991,0.11586239847109413,User
0x8b8d2bcfe5079ebb28f27d40b1dedfd5613e4f8f,0.8838987099856666,0.11610129001433349,User
0x8422a964f7c23059615845cffd859d7c42121a5f,0.8819875776397516,0.11634018155757286,User
0xbd4fa032e6afe41cacde8e3292fb129b857bfca8,0.8817486860965121,0.11657907310081222,User
0x55a9b4794335720c176560781eb6582de20b090c,0.8815097945532728,0.1168179646440516,User
0x52c7a08bc081130cb541f0a0e0c18b5195391358,0.8812709030100334,0.11705685618729098,User
0x2085428c1bb17bf47dd2b4048c7846f1311b2ace,0.8807931199235547,0.11729574773053034,User
0xcdd3cdafdc1c943bb355586ab80f6cd864533c88,0.8810320114667941,0.11753463927376971,User
0x5f4e7051646ea2276e7cef5dea9a01b81f0fb3d2,0.8908265647396082,0.11777353081700907,User
0x103c787bb3b9d221ed50f4b7d12d2e88d6e69db3,0.8805542283803154,0.11801242236024845,User
0x227c3953f7114fbf80406122515910bb0da6d022,0.880315336837076,0.11825131390348782,User
0xcd888bc06021684d1f9446548e690706e09ad9f1,0.8800764452938366,0.11849020544672718,User
0xfd735005c56501203b44f2022d1a5a8e616fd9c1,0.8798375537505972,0.11872909698996656,User
0x88f859db067c45b114897db6920f3e4a61a5ca66,0.8795986622073578,0.11896798853320592,User
0x7c4972a9e1fb942fc884ebec89908fe783477600,0.8791208791208791,0.1192068800764453,User
0x8e3f2b9994bca98d51c69f7cc4f61beed791721b,0.8788819875776398,0.11944577161968466,User
0x9189eaa432e0565eb8f34fc6a6b36cca342b93bc,0.8786430960344004,0.11968466316292403,User
0xa75b1b3fe4142e9418ee2c96abb78f00497b8413,0.878404204491161,0.11992355470616341,User
0x9749f6cf7624c4ba978d203a91012706f6bcb44c,0.8781653129479217,0.12016244624940277,User
0x1dfd0c37222d3a14fc55b8a7adb8eff56f9484ad,0.8769708552317248,0.12040133779264214,User
0x303f8ba505a53f87588c428f10feb3e35c723e83,0.8767319636884854,0.1206402293358815,User
0xc54b19c493d29885c78b8660c3ad3e6e84d4447d,0.8764930721452461,0.12087912087912088,User
0xb641fa42bc0fae1e4eb4ed7205fd9253956056ce,0.8772097467749642,0.12111801242236025,User
0x27749a0e65f7971f227fbfc71cdde4fa878bcef3,0.8762541806020067,0.12135690396559962,User
0xb763e8b9208a5a0bef08f200cfc76c0d03e7a5a1,0.8793597706641185,0.12159579550883899,User
0xb04f7081fcdd64c6ffc5c25d19226151eebec0ae,0.8772097467749642,0.12183468705207835,User
0x0bed392049df702ff388c9a815bec059bcca5ad2,0.8908265647396082,0.12207357859531773,User
0x1e8fa7dbcf406eac8fe6665b48f3005ce574d7a7,0.8760152890587674,0.12231247013855709,User
0x59443b9b75195f2475dc16bb91eb55ec0bbc176c,0.8757763975155279,0.12255136168179646,User
0x9d9e691c914f505584a45321e9727b680578d799,0.8755375059722886,0.12279025322503584,User
0x09e4fc443cb26749281c961b99f71a2c763d1bc2,0.8752986144290492,0.1230291447682752,User
0xc746478356df9756d620427d7204e9111c50de4b,0.8750597228858098,0.12326803631151458,User
0x813649eb725f3dc2a75dded0976c93d7185eb2fd,0.8748208313425705,0.12350692785475394,User
0xab47edf354348e14cfcc1949b38bf2317d510b79,0.8745819397993311,0.12374581939799331,User
0x6fc46613c7b90aa08046039e48e52b4dc8d2a5a8,0.8743430482560918,0.12398471094123269,User
0xe63fe0271816df3b239ee2ab8971dc032b525ffe,0.8741041567128524,0.12422360248447205,User
0x2c7c6fde284ccdcee525b07033e435592bd59d02,0.873865265169613,0.12446249402771142,User
0x8c05b862aba9bf848c7320a742693f702611ed51,0.8736263736263736,0.12470138557095078,User
0xdc21bdc14930139ee08ce0a8aebe087f48628a1e,0.8733874820831342,0.12494027711419016,User
0xe566f60677ac23ab82098c0008e808592ac83b48,0.8729096989966555,0.12517916865742953,User
0xf591476ca0f14ca04c6b298b7a0440f23df58d87,0.8731485905398949,0.1254180602006689,User
0xfb95495a3f4eb11f35b6f5dba43e5127add4da0b,0.8724319159101768,0.12565695174390826,User
0x1457b79136fb4189281a47f7af602f74f0747659,0.8908265647396082,0.12589584328714765,User
0xef76a47ad1992e174bec2ad58f296b9f0bca25a2,0.8721930243669375,0.126134734830387,User
0xf167a0db0551ec6e4f47d19231b7651caa65b350,0.871954132823698,0.12637362637362637,User
0x713e3f83309ddf4326b4abe72de94e57afe2f9fc,0.8717152412804586,0.12661251791686573,User
0xee2397b7571294c95be10496c5962bf18ca0e6d2,0.8709985666507406,0.12685140946010512,User
0x12c36abfefa39e649607e87ae1cfb68b7becff0e,0.8714763497372193,0.12709030100334448,User
0xf00c7fbf3919860d34c7a82a9c6a421480c62d8d,0.8707596751075012,0.12732919254658384,User
0x5b06b2fdb5a2bf7681163b12f4a9f31f6f4a0544,0.8705207835642619,0.12756808408982323,User
0xa1724a405464aca2841886326e1fa5bcd8898c36,0.8702818920210225,0.1278069756330626,User
0xbe0e4f1ba14a56f63a1de4d5abae56b29b9223d9,0.870043000477783,0.12804586717630195,User
0xb280179e02b294eb24f302d6a7fd151eccf092b3,0.8695652173913043,0.12828475871954134,User
0x75248440dab15a87b35f926df151de64d87b517e,0.8712374581939799,0.1285236502627807,User
0x864d85a9e82091c6f21f1c482a3fc3c385b152f6,0.869326325848065,0.12876254180602006,User
0x9889ccffc4b28aa28724f6fb1d8096050d62a950,0.8690874343048256,0.12900143334925943,User
0xc316c4881e02d403d7f911b37d7878ec43aa1507,0.8908265647396082,0.12924032489249881,User
0xe70abe9c7fc18b3be434581a6cc2f79a52ff6b1b,0.8688485427615862,0.12947921643573818,User
0x7264347b3781fb5b7894f2c7d6c32ebde72fada2,0.8686096512183469,0.12971810797897754,User
0x36447615ade7f179fe0677b4dfe3a65942e0df55,0.8681318681318682,0.12995699952221693,User
0xe2fe9626122fd95283f55de606c15d51c08d33e6,0.8678929765886287,0.1301958910654563,User
0x14d1a32466655b5c8fcee205deca1d291e5cfa7e,0.86741519350215,0.13043478260869565,User
0x5deede0aa9558551a9ef724feeb6b25542eb0703,0.8671763019589106,0.130673674151935,User
0x3f819d84aa7a00466987054e428b23a10730e52a,0.8683707596751075,0.1309125656951744,User
0xd7db09a2df4a72b6ea93cd6813d72913dea5aacb,0.8676540850453894,0.13115145723841376,User
0xea85a8629db4858064c2a11f0fefd902a083ac45,0.8669374104156713,0.13139034878165312,User
0x68b52b5d21c215a85a2eba6f9b24dd7cd899e540,0.8666985188724319,0.1316292403248925,User
0x0b657ccf13940f4b0acb1846d0f7ff356f4bd45e,0.8664596273291926,0.13186813186813187,User
0x19547bbe976c8a9f74dfbcbcc2407f22788ab35f,0.8662207357859532,0.13210702341137123,User
0xfb5dc1ac26274e7026b2a7bb1ba14a42019d5ffe,0.8657429526994744,0.1323459149546106,User
0x73afe7fa57f0641a173a33ab7195bdf872e01a4a,0.8659818442427138,0.13258480649784998,User
0x8dc0cf2a05c607af6b3cc8808cfdec1364c559ff,0.865504061156235,0.13282369804108934,User
0x6518f0f545c5c1cc91a3242bc726a85aa2711728,0.8652651696129957,0.1330625895843287,User
0x573fda4c02e599e1c24cbacfe818dddbe1fc8cf5,0.8650262780697563,0.1333014811275681,User
0x98b0e39e18c524ba8f8f05a44475de1a2a6c4390,0.864787386526517,0.13354037267080746,User
0xb55df74719b5731e6eae2d66f330c452ae6ad954,0.8643096034400383,0.13377926421404682,User
0x1b4216b8c07ca5f06a508f88b1ea97b39a1b3155,0.8772097467749642,0.1340181557572862,User
0x316aa2137ae15558986d649d4afa8f0f7b43564d,0.8638318203535594,0.13425704730052557,User
0x40712d8a370c59137458de316c496bdcb9b9faf4,0.8635929288103201,0.13449593884376493,User
0x6583b5484799cb9cef856e28dd3da29453a47a89,0.8633540372670807,0.1347348303870043,User
0x51895a0c32203df88f35704d40afd020705a4b51,0.8645484949832776,0.13497372193024368,User
0x341c65267a104965dcd1ee6a4b1c879412237000,0.8640707118967988,0.13521261347348304,User
0x20f810fa9d8ac6db60525a07d4beb325627127a6,0.8631151457238414,0.1354515050167224,User
0x75f54b01149f4fc61b20bd30aeff2324b157b943,0.8621595795508838,0.1356903965599618,User
0x3ec0760236e9105173ab866b59b3919d01945f78,0.8619206880076445,0.13592928810320115,User
0x4ba5f1bb6bfe5131ce839527ee42a9c28008f146,0.862876254180602,0.1361681796464405,User
0x12283db908751e21e720d238e85d38e57832ef4a,0.8621595795508838,0.13640707118967987,User
0x88b8d2f606cd3b3a7717ee928e5f269c9af9d0b5,0.8621595795508838,0.13664596273291926,User
0xadcb6a6fd87dcdb724a92cb29a6e8499d08fcb59,0.8614429049211658,0.13688485427615862,User
0x7655c81a9236bb60907e75ca5a959a44fc671ddc,0.8604873387482083,0.13712374581939799,User
0x751d9230596ec9f0464c3d8eff1749c9b30e89cc,0.860248447204969,0.13736263736263737,User
0x60155988c1bcefe881d0e11235742cbe43390638,0.8616817964644051,0.13760152890587674,User
0xc36edfce88587546a2c3e2c799ec0455a06446df,0.8607262302914477,0.1378404204491161,User
0x7aacb9c528fbcb01d88e7e6b9bcf3d4b54f3b3cd,0.8612040133779264,0.13807931199235546,User
0xf35d51c68eeb2c7c5531b3f443b13d721eb4cb3a,0.8600095556617295,0.13831820353559485,User
0x8727558b37bab42522bd7552f05af005603aae11,0.8607262302914477,0.1385570950788342,User
0x4e8807fd1c791f9e4ef41f9c5b2a16de9fda05be,0.8597706641184902,0.13879598662207357,User
0x0af564c3c06f70752ea46ff19ddd4bad78f5e1ea,0.8595317725752508,0.13903487816531296,User
0x102b9016d6248ab62f0e8603f475017f683241c0,0.8590539894887721,0.13927376970855232,User
0x33f0ef344c542586e02fd7789f549f33db04f6b9,0.8588150979455327,0.13951266125179168,User
0xe113a154b03f5b9371a72de74c0ec4713e900544,0.858337314859054,0.13975155279503104,User
0x12a45bc1b0fca31af0203bf88b22b4eed5d2b5f9,0.8592928810320115,0.13999044433827043,User
0x0d7d3ff8384a4a5f09b0920fcfe6513adefb3894,0.8580984233158147,0.1402293358815098,User
0x453aeb7de5fe266fc097a91ec9dacc4afcfb9dac,0.8726708074534162,0.14046822742474915,User
0xda3630ab8da780c4b460d2d31b31af9eb68aa35c,0.8585762064022934,0.14070711896798854,User
0x8b951c25d882336eade928566a528b034aa85c4f,0.8576206402293359,0.1409460105112279,User
0xaafbf84216a361e06e779d8e8d73d3eca08522e7,0.8578595317725752,0.14118490205446727,User
0x9441ef858e644bd22c18eca0f06252674b133bbd,0.8573817486860965,0.14142379359770665,User
0x2d79ce28de8d060cdd4eefa2276450a2ca672692,0.8569039655996178,0.14166268514094602,User
0x38a753a8cd0bf34855782dd1c7d8b988ba3fd96c,0.8564261825131391,0.14190157668418538,User
0x986fbb2d22cdeace07d6a974782b40694098d021,0.8566650740563784,0.14214046822742474,User
0x332fabd021ac68fe80b69bc171f862bf3d04b756,0.8561872909698997,0.14237935977066413,User
0xc315d1e5f0e3cef84717e99fc6640318d2784721,0.8571428571428571,0.1426182513139035,User
0xdb55d29639ffbe1e9d00bb9ac1060946c97a4368,0.8559483994266603,0.14285714285714285,User
0xa635e5f4f37cc5d560ddac79ae5851c7dbb138de,0.8557095078834209,0.14309603440038224,User
0x4596c8f7e8bf307087fd3acf836d383bf1bd2d79,0.8552317247969422,0.1433349259436216,User
0xc5079d3d383f8d5cec91861150566fd993c1839a,0.8549928332537028,0.14357381748686096,User
0x5d92a7f11a99d7bbbaab7a83849b1df5ce919db3,0.8552317247969422,0.14381270903010032,User
0x7801e099ba4851c4ddf07d13ac410af867a2f757,0.8698041089345437,0.1440516005733397,User
0x4ad4efcd406fcc3bfc991167bf284eb625746466,0.8547539417104635,0.14429049211657907,User
0x6a6bf2fbb2404eabc78c5638a033ce8c27caf003,0.8545150501672241,0.14452938365981843,User
0x223a61d0d8f00e2d3a60fd88a92c86a7a5bb0c9d,0.8542761586239848,0.14476827520305782,User
0x7fe285d9f36f0f3f46def2cf1acf2fcf89c6d847,0.8535594839942666,0.14500716674629718,User
0x84f4066470c30448fe01c036d4042ca9a1b4acec,0.8533205924510272,0.14524605828953654,User
0x27910bba2c5497fb1e4d8ef84beefc1e41ea2048,0.8530817009077879,0.1454849498327759,User
0xc161dd5f3eac776c86c9d09cb5ae6b424683497e,0.8523650262780698,0.1457238413760153,User
0x8c4ffa76f8e8bbe6113de14fb4d0b844e46aa3d7,0.8528428093645485,0.14596273291925466,User
0x060ad9ca8124d74e59f761555b40c93f79e0f570,0.8526039178213092,0.14620162446249402,User
0x8a57320febe6b07385136ed964f5426b3c0464ac,0.8535594839942666,0.1464405160057334,User
0x16d133d30f28c1aae03c192bec296db2c71b6dc1,0.8535594839942666,0.14667940754897277,User
0x40fe20a8931e8dd2674262fdc3c514e00fd65643,0.8516483516483516,0.14691829909221213,User
0x08f13aa94ce43a57c570fa0016f0a51143c8c011,0.8514094601051123,0.14715719063545152,User
0x5e7e68e9c27e10db5b60f9618a885ac0ddf5dfaa,0.8521261347348303,0.14739608217869088,User
0x97ef7dbd7736227dbf240ccb6b5c501b1136f40e,0.851887243191591,0.14763497372193024,User
0x96cac608c784bb9151e893a39852f9ae51f37fe2,0.8511705685618729,0.1478738652651696,User
0xd5090008726ead4f5f145028187b1d34a2115c78,0.8509316770186336,0.148112756808409,User
0x1d14a7e1a2000c0f56009fc0b99578d67d170140,0.8504538939321548,0.14835164835164835,User
0x95a36e56198cc62132286b7071f1251b2ae470d1,0.8494983277591973,0.1485905398948877,User
0x05b8cb9d048b28615b9a9b4bab1cc1f9eb5c92e5,0.8497372193024367,0.1488294314381271,User
0x237fab5b6c9a2de3b931a7bcb9b7d6e7bd45f1af,0.8497372193024367,0.1488294314381271,User
0xe47fbadf22a09a020af93a9289fe6b1fa9cb29ef,0.8908265647396082,0.14930721452460582,User
0xd935d2cd186e508eeb5ab4fa78cf6a196045068b,0.8506927854753942,0.14954610606784519,User
0xb620f6b1eb008582a222913d82e28836e324204a,0.8490205446727186,0.14978499761108457,User
0xcb42bb5f86965199f6a4e8f188871cf9c3427e1c,0.8490205446727186,0.15002388915432394,User
0x6e9869060a7e8fc384823382985e77efbdf0651f,0.8772097467749642,0.1502627806975633,User
0x15de72affd18eeb300f463b463c950466d0643d2,0.8485427615862399,0.1505016722408027,User
0xcd4c9ed38c9e59497eab918f6e6d0ff2992689cf,0.8487816531294792,0.15074056378404205,User
0x9830a41295ac4f1377a99aede1b820740b24881d,0.8483038700430005,0.1509794553272814,User
0x122ae5e8cd1a77e99a0fe2da737d32fbb1ada026,0.8502150023889155,0.15121834687052077,User
0x676445b153fa03f801c31891eb632704c38b98e3,0.8908265647396082,0.15145723841376016,User
0x51e2de63d6bc59b32ec1b0b52a052c04e7a0325e,0.8480649784997611,0.15169612995699952,User
0x131b80ee525eea1ac2be3f1bedeb045629649c20,0.8471094123268036,0.15193502150023888,User
0x81e953e3810e4ab35af935ef7f11b7ba6febd381,0.8478260869565217,0.15217391304347827,User
0xe9811d93f1f183ddbd011cb7f0fdb8ee4f8ab065,0.8471094123268036,0.15241280458671763,User
0x9ee0eaa2eeb23089d360e80f25e997c1a3026a71,0.8468705207835643,0.152651696129957,User
0x1879862994fadcf08f43fa3fd8d0fce2a1230ab0,0.8461538461538461,0.15289058767319638,User
0xe62ca13d94f9547b7f0bdaa5f8f8f52a6011f13a,0.8475871954132824,0.15312947921643574,User
0x691ed3c7eacba3837b7f3808dc4238db7fb7242f,0.8463927376970856,0.1533683707596751,User
0xd45f7660263ca738ba255e4172b8a97a2a157446,0.845437171524128,0.15360726230291447,User
0xa521ab6b733edf337fb6e35514c728c9765c0908,0.8449593884376493,0.15384615384615385,User
0x6395a74e80b68dd5813bd9ff5df0d94de15f8b67,0.8451982799808887,0.15408504538939322,User
0x083e024e477be65094eb8a5c4d3f85ceac728f20,0.8456760630673674,0.15432393693263258,User
0xc928b392b7461cebb13c2e337c18646871a12b26,0.84472049689441,0.15456282847587197,User
0x3c1c25559b357f45c1ebf04477fbcab70242575a,0.8444816053511706,0.15480172001911133,User
0x5b8c936fb1dacf865bac52d42af28e84e992a19f,0.8463927376970856,0.1550406115623507,User
0x29f625a443147868b76a192247c49c7db3ebe990,0.8459149546106068,0.15527950310559005,User
0xbb6bf6d7059f302f8a2475851de7726435ed1392,0.8442427138079311,0.15551839464882944,User
0x176811f7b3fbdd3197e5316167fd1e7db788fd91,0.8440038222646918,0.1557572861920688,User
0xd5ecbce2f906082d51de2f4245c493b4c3fa67f1,0.8435260391782131,0.15599617773530816,User
0x09df41f4a74d53852979df147a394d3fc7813083,0.8432871476349737,0.15623506927854755,User
0x58d0b4da3b68ed1724388bbf512540d317a08729,0.8425704730052556,0.1564739608217869,User
0xf43c83e7d0ca82f45006ae2a26f76f57421d4ab6,0.8423315814620163,0.15671285236502627,User
0x324076b65bd300f308d7a809603f5bf00bc8f490,0.8908265647396082,0.15695174390826563,User
0x771ef5b0368c286c7a18de9065b1f664be7c307b,0.8437649307214524,0.15719063545150502,User
0x797cfc462d41d26eed4927df7080c19e69f02f12,0.842809364548495,0.15742952699474438,User
0x9a7647068c69fdc920297e42f6652ce3da59c75a,0.842809364548495,0.15766841853798375,User
0xc7d4edd5cd0f6e7877d76f4170b9812e628277e3,0.8420926899187768,0.15790731008122313,User
0xff691f49d900a1fa0beadd2c9e6dde4411684fd3,0.8416149068322981,0.1581462016244625,User
0xa376831416e83bc5e6967131de7737815c715234,0.8413760152890588,0.15838509316770186,User
0xa731574d027cd3e9408fe26d99e1d6b2cbcdb7e0,0.8418537983755375,0.15862398471094125,User
0x941107abfde8d98d443b8bc5eff5280af5a6320e,0.84089823220258,0.1588628762541806,User
0x29ecb47bf6f1e5168f2cd23f578ad7ce3549e52b,0.8411371237458194,0.15910176779741997,User
0x4b18fb8e2c7af80fd613b72f6cce2c8fddfd8ec5,0.8404204491161013,0.15934065934065933,User
0xc7e2490af243613bf58efbd2fde13b54161dbc03,0.8399426660296225,0.15957955088389872,User
0x0429aa796bb8062d2a03adc93caa61ca24ceef8a,0.8397037744863832,0.15981844242713808,User
0x7d07167e5892dcdd2801b93546df805001e1e3b3,0.8392259913999044,0.16005733397037744,User
0x38b66af9208ed0acc0998445fdc9869ab9c1bb2a,0.8394648829431438,0.16029622551361683,User
0x193ba3eb1079c576ab47a7d7a08ab8ddcf657e5c,0.840181557572862,0.1605351170568562,User
0xfa45765033a9926a48bde74d9d33f6349f9bd931,0.8389870998566651,0.16077400860009555,User
0xfc1b79c9ac90a706dd2f8ff4d23f9f6c4b63219e,0.8406593406593407,0.1610129001433349,User
0x425c93c8f148ee5d38163c23c6ecb5f9a1215e7f,0.8385093167701864,0.1612517916865743,User
0xb815e4a1a09f48c095a99a657903f494c565ccc5,0.8387482083134257,0.16149068322981366,User
0x2ac595f6e0ba61a820cd9de5e25f1f422bf1d275,0.838270425226947,0.16172957477305303,User
0xafbd81247ddc6d6cc717d96f7ec01afac59ea301,0.8375537505972288,0.16196846631629241,User
0x1bdb62aec0b1bf267b4b35ec03b21a5f0efec103,0.8380315336837076,0.16220735785953178,User
0x2a0ef6378481ddc7338eab0d31fca4f46c24df3f,0.8377926421404682,0.16244624940277114,User
0x327170894e7904ed3c1aa1393246bf17f0f8b492,0.8373148590539895,0.1626851409460105,User
0xbcc4ce1f6aa745b3653c405292bce3c3cf6f05ea,0.8370759675107501,0.1629240324892499,User
0xa9a80df03e40e34946a05da1b0b86d858caac6e6,0.8365981844242714,0.16316292403248925,User
0x1f6897e877e7ce46b5b1f755b0d8204078b3b739,0.8358815097945532,0.1634018155757286,User
0x8432415f44bdb36e2b668fbf1f644ecf32cd502d,0.8356426182513139,0.163640707118968,User
0x0752626de03fd95513c3252f553fb2c7756cc4bc,0.8363592928810321,0.16387959866220736,User
0xb5d94c93626dfd91f589bb2159d4d0b7ab34cbab,0.8358815097945532,0.16411849020544672,User
0x35bd14b7d58206073eaeae3b7ad2defa198f7e52,0.8344481605351171,0.1643573817486861,User
0x57a3e678d5d6e1ef9bd60f3ead9235673df27372,0.8342092689918776,0.16459627329192547,User
0x43b23eec8b92a078a6e6ea6f2ed2f9086580c2f4,0.8351648351648352,0.16483516483516483,User
0xadcb876f925fcb5342639f97c12034d75deb42be,0.8368370759675108,0.1650740563784042,User
0x535629fa6726ac1d0d9df9906e4d35b11c58b5e4,0.8344481605351171,0.16531294792164358,User
0x1256ecf5e9f95abc0fa2ea08f17b1c87cfd6bd19,0.8354037267080745,0.16555183946488294,User
0xc18b144210a5c8634f035d230b6920c8c8479b17,0.8339703774486383,0.1657907310081223,User
0xc369f6c07e0653db878f633fde16da1d432c4c57,0.8349259436215958,0.1660296225513617,User
0xcb00079cdef361666752d8a82aabbc936479f6a7,0.8337314859053989,0.16626851409460106,User
0xc9d49c7ab68a18120410f214b68c91deec7524af,0.8332537028189202,0.16650740563784042,User
0x9613c8fe934d599944f45c92eac74664ada899c4,0.8327759197324415,0.16674629718107978,User
0x5bc3eb4bd665dc8a6a6070a38e7059173f8df45d,0.8330148112756809,0.16698518872431917,User
0x984b38cf8d5ac5419bf13ef10b6394af92633857,0.8334925943621596,0.16722408026755853,User
0x6342a8446c08caccacc802adef85432ddc9305dc,0.832537028189202,0.1674629718107979,User
0x9e49f134f51d1ef13599788d34ccdec31b0b816c,0.8322981366459627,0.16770186335403728,User
0x3b46d7d7ce7f5ffb5fba116075b0e67b437bdd83,0.8320592451027233,0.16794075489727664,User
0xdb2050434a0e5a62ce27c27b74cb25ec754673c9,0.831820353559484,0.168179646440516,User
0xb91e02aaf583cf3c555290d864f8b2d964cc5e3e,0.6734352603917821,0.16841853798375536,User
0x4416a45e49e212d5b3557a1752a421022f9834f7,0.6734352603917821,0.16865742952699475,User
0x9858d646b5c705932b33c86f6ce029b316504c2a,0.6720019111323459,0.1688963210702341,User
0x925bb55693857f33fe2df12e7db6cfe63c308533,0.6729574773053034,0.16913521261347347,User
0x4b9d577caa2eeb61ff63e941972d36852cb659fc,0.672718585762064,0.16937410415671286,User
0x97959a9826e1030f6acfb01f4d711d7b039ce58a,0.6722408026755853,0.16961299569995222,User
0x2614b2e7d83d30407879bd9d400f8ff5ce0d79e1,0.6722408026755853,0.16985188724319158,User
0x6293f6d522dd103058a989f87ac56c11f4fff878,0.6731963688485427,0.17009077878643097,User
0xeadaf7b41f257050200f8b5e7c46a342ef28f6bc,0.6734352603917821,0.17032967032967034,User
0x122c70415633587888205b9ffbf85fd8e7e0533e,0.6717630195891066,0.1705685618729097,User
0x86d73b7189f15602d88fa0b3eb7a8150b2073896,0.6734352603917821,0.17080745341614906,User
0x5cd5aff4a3b42b59651bab5eb45c07375f60e905,0.6708074534161491,0.17104634495938845,User
0xb37c38dc4798d5fb5a1a6e3ee0155a218ac009fa,0.6715241280458671,0.1712852365026278,User
0xd08283e3025bd92f3de7b2fc3420473067bfb5e1,0.6712852365026278,0.17152412804586717,User
0x8d33f282854b479d8a3553c1815f878050733b24,0.6710463449593884,0.17176301958910656,User
0x27ffa35d4e2443c734e25b34bbb8ef217356cf85,0.6705685618729097,0.17200191113234592,User
0x593eb2e0984175e731937295601ff88193aeb734,0.6703296703296703,0.17224080267558528,User
0x9f905e1125552632208c06040978919259273b99,0.6734352603917821,0.17247969421882464,User
0x6f5fe09bea3ff752cc533f1bb642982a63c9fd32,0.6698518872431916,0.17271858576206403,User
0xf34055565e418deebb1a39f9776b675f78b2076b,0.6696129956999523,0.1729574773053034,User
0x4f1cf4a5bd6631b4e1cc7b6b99b20c1ddb915013,0.6691352126134735,0.17319636884854275,User
0xcba020eeaf026f09020e69701c49aae809f5bc94,0.6693741041567128,0.17343526039178214,User
0xe2d0fd7f819990d3f9112d9c8dcdd85e619f853c,0.6688963210702341,0.1736741519350215,User
0xc98cbcacaae11e2541aff004060b04425669fe4f,0.6684185379837554,0.17391304347826086,User
0x906b53fe1f4ab3320a48a3460a92c51f0c5fdda0,0.6686574295269947,0.17415193502150023,User
0x9a49faa480d76ef3eec26686025a6db071120ddc,0.670090778786431,0.17439082656473961,User
0xaaf0a91866e66530c275dd4f529ffd862244c475,0.6679407548972767,0.17462971810797898,User
0xfc4d6f68f98812d3b53e0996bf9038f4bf58d7ba,0.668179646440516,0.17486860965121834,User
0x8eba7bf560d3787fc83698a8cd78bdb8506f667b,0.6677018633540373,0.17510750119445773,User
0x0370d78f8e63585f69a7ed1e5b01d87891836036,0.667462971810798,0.1753463927376971,User
0x19264bc5877d68f307e9e2e81ee89830c9c8ad12,0.6672240802675585,0.17558528428093645,User
0x23ae90169e458dc5983dc0a794d9b6e8cb4b20dd,0.6669851887243191,0.17582417582417584,User
0xef26809d389fc4bbf8fd624408333b07ca501021,0.6734352603917821,0.1760630673674152,User
0x8268063e1784985c23c03f1e6316a9208c1d680d,0.6667462971810798,0.17630195891065456,User
0xcc87e1ce42e7b01a03398586cf7fa5130b014571,0.6665074056378404,0.17654085045389392,User
0x7ffe385962c3542d20084d3fd8be56f6747c1678,0.6662685140946011,0.1767797419971333,User
0x1df32b4410c171066a1778cacefbf38f5c0f8174,0.6734352603917821,0.17701863354037267,User
0x6d5e8f939e6f601161140330d71cb173e6d7060b,0.6660296225513617,0.17725752508361203,User
0xfc2ef338de67d06f3e1b5077a0c250c05e4cfaeb,0.6653129479216435,0.17749641662685142,User
0x92011a7fd1c612f51a40b45114e5807c9b20ca69,0.6653129479216435,0.17773530817009078,User
0x837661a7147429de325cf39324281fdc24b16d28,0.6734352603917821,0.17797419971333014,User
0xe9bd5ff6bba67424e80e04bdb645a357b3a75119,0.6734352603917821,0.1782130912565695,User
0x09e5717c4527674207a1a1b18d69b001cc5d48b0,0.6650740563784042,0.1784519827998089,User
0xe0372d16308efa83a9eb48c0c5c62ba5fc8cf117,0.6657907310081224,0.17869087434304826,User
0xcb8aade7d24c039cd10395e572a128ca8bf15e20,0.6648351648351648,0.17892976588628762,User
0xb949707edf6ba645d2a8b6393dfb4a70b6614315,0.6645962732919255,0.179168657429527,User
0x327f8b5f8d78fe0b0eca4ac1e68326727fe5773b,0.6641184902054468,0.17940754897276637,User
0xe30d11d8f97755ef528e5ff7a25296c528ee607a,0.6643573817486861,0.17964644051600573,User
0x62a96e21584945957114f77d42d6c0fa160332ae,0.6638795986622074,0.1798853320592451,User
0x948055cd77056bb1d7549925601ace4d027e44e7,0.6636407071189679,0.18012422360248448,User
0xf80f79cc764edc1cf7755fd36e2959450df1e944,0.6634018155757286,0.18036311514572384,User
0x439f30c4881f13b5ed47839940ca78a500b742ec,0.6626851409460105,0.1806020066889632,User
0x2389a2596dd44ca239202a31d71c37d2b83be283,0.6624462494027712,0.1808408982322026,User
0x5a46816bd3380be2414f6bbcff17a4b0c8a712fb,0.6622073578595318,0.18107978977544195,User
0x6ff31b0afb763fa12e905d00e3b9c8cb054c3d34,0.6619684663162924,0.1813186813186813,User
0xe58e5471b6c8c882fdbeead0925e0ebc0f19d340,0.6610129001433349,0.1815575728619207,User
0x6e35ced4053a609e7410e84aa68c42144c011901,0.661729574773053,0.18179646440516006,User
0x7453acf033aadf3bdd07850d296211d842b1a0d8,0.6629240324892499,0.18203535594839942,User
0x43e73db54f4c5ba97a80b0535396616c39ee05c5,0.6612517916865743,0.18227424749163879,User
0xabd9011ab0efad613ada23a71fc90428db8cc67c,0.6607740086000956,0.18251313903487817,User
0xa15336dfa6d9a83fec3acbe25e9b26945f7119fe,0.6612517916865743,0.18275203057811754,User
0xcbca5b5a6073775f76f97dbbb8ee251d228345d6,0.6605351170568562,0.1829909221213569,User
0x5fcde82b159a43b386dfcc7e1becad0c82a36882,0.6600573339703775,0.18322981366459629,User
0x4da501c5f89a0c485fcbbbdbea154cf8eef6beca,0.6602962255136168,0.18346870520783565,User
0x8f39a7092c243db193ab21d206440e8529e9e068,0.6629240324892499,0.183707596751075,User
0x1d195bb3a5f6313fb826e8d4c1a4fff7bed53998,0.6595795508838987,0.18394648829431437,User
0x0e10724e322eb33d27b00fb167621f687983e0f3,0.65910176779742,0.18418537983755376,User
0xfcc854866fdb07d3a4886a9a79c80c04cfd51ed5,0.6588628762541806,0.18442427138079312,User
0x2167f3fc29b19aef09f8de2171f985171b06607d,0.6595795508838987,0.18466316292403248,User
0x9afaeced542d9283765a0da8fa090ec8a0b66d4b,0.6586239847109412,0.18490205446727187,User
0x29cf1928ae46d24678c36b2a848e91d59027750a,0.6593406593406593,0.18514094601051123,User
0x3739469c38bf4629c9e9565bc00c5ecb644ff840,0.6569517439082656,0.1853798375537506,User
0x8a18a2fee7dc9c2002e21fda8c10f0feb0abf05e,0.6567128523650263,0.18561872909698995,User
0xc7280704af460a58e0a4ed72d4a9f8a8f827e6fe,0.6564739608217869,0.18585762064022934,User
0x95ac3c4c0051aadffa280cceeef9bf8b9eac43e3,0.6562350692785476,0.1860965121834687,User
0x88e60220f1fa0962a3edf0d0d19333793d157787,0.6559961777353082,0.18633540372670807,User
0x03eb533b0fbad57159eca54e510509c2b81060e5,0.6557572861920689,0.18657429526994745,User
0x09d60bcb7706f8ce63e949b0b86b4d33afeaa9af,0.6555183946488294,0.18681318681318682,User
0x48b0b64c96b90314c205a6bc11f4dde1d8ea7c5e,0.6550406115623507,0.18705207835642618,User
0x7550b4cef322a09e99ca11de1f252ffffbaae9aa,0.6569517439082656,0.18729096989966554,User
0x4702fbc50fd97e503de333cf0368e970e2db2f39,0.6569517439082656,0.18752986144290493,User
0x10e51a54a6f507e10ea63598d379203e49aa2f12,0.6569517439082656,0.1877687529861443,User
0x5c35ad07ff89929be0c1472908eb9588c0730ebd,0.65527950310559,0.18800764452938365,User
0x59d46a9ec5f580864778b8920d86ec05393ccfa4,0.6734352603917821,0.18824653607262304,User
0xd7e66f34d76779396ed62e0f097be4a82d2f4b57,0.654562828475872,0.1884854276158624,User
0xfaf61077f6a6f90cdef9fafc2c27835b05363cc8,0.6548017200191113,0.18872431915910176,User
0x8c77ff69acb0de9442aff68794a66256a95b5aa0,0.6543239369326326,0.18896321070234115,User
0x0903614707569868bb6f72b6ffbf61ed3a68eb9e,0.6540850453893932,0.1892021022455805,User
0x4338d325096a80d974df26db0f395d297bbdab62,0.6538461538461539,0.18944099378881987,User
0x688bae14a19dd8f5d7a8eee2595713fc85a137dc,0.6536072623029144,0.18967988533205923,User
0xb8c68c710012a51865eabda08821c8466db4bb0b,0.652651696129957,0.18991877687529862,User
0xf8f3b90598ea6c323b2f61eeef72bf90523902d9,0.6531294792164357,0.19015766841853798,User
0x5a112a9ad738a6f19af5a6a531fd1ee0f3772a85,0.6533683707596751,0.19039655996177735,User
0x5a3e568db379faef27d906fe1a049e53d71e5711,0.6528905876731964,0.19063545150501673,User
0xbe516276d8473b77cb1557f87df7ee75a01746f4,0.6524128045867176,0.1908743430482561,User
0x5945708119170e5ef4256c1cc82d2e613f79ca1e,0.6734352603917821,0.19111323459149546,User
0xcd9433dac68464ed9b374cf662cd6b5531bc8534,0.6569517439082656,0.19135212613473482,User
0x62af90ec2b2846a31b5cf2650201e5356623a49a,0.6521739130434783,0.1915910176779742,User
0x110d25fd43cdf88aa2c2fbfe881b467c9d88d903,0.6519350215002389,0.19182990922121357,User
0x7a5acae0ef884ac31fefd6dbc5075bd3e80f27cb,0.6516961299569995,0.19206880076445293,User
0xc14d2d2c974c5e5cc78985c26064e7b336be545d,0.6569517439082656,0.19230769230769232,User
0xea64d50dc45fd7a060ae6ce654e84071ad251273,0.6512183468705208,0.19254658385093168,User
0xc3fbe9bdc6f861bdf2973959e757e2ff60766680,0.6514572384137601,0.19278547539417104,User
0x88d2728e0fe38c295fc9dee24dc1dd7630164a43,0.6509794553272814,0.1930243669374104,User
0x39f3ddaf3c05a82de1ecb8a5d443c66fb780befe,0.6505016722408027,0.1932632584806498,User
0x182269174b7b5e8126cbd5bea995b3917e70a798,0.6502627806975633,0.19350215002388915,User
0x0ed6441512f806e145e9dff09975ebcebb2f97ff,0.650023889154324,0.1937410415671285,User
0x6e69b46645dd1af27263ff62a62e5ae6010f3deb,0.650740563784042,0.1939799331103679,User
0xff75bc710a34571338d6d37fdab994568824b4d2,0.6493072145246058,0.19421882465360726,User
0x65177d2054536275eef556b982f85ccb4e2341bc,0.6569517439082656,0.19445771619684663,User
0x20b37f535ba7bed0d37cafa45db45427cf133fd2,0.6490683229813664,0.19469660774008601,User
0x01e9388d33188fde49799aae256f0baa57d4156f,0.6488294314381271,0.19493549928332538,User
0x440fe9f26bbcadc61bdb67d0830a7f6318532c58,0.6485905398948877,0.19517439082656474,User
0x7940cbf487d3793736fd3a7ed00f11de2cd36172,0.6483516483516484,0.1954132823698041,User
0xb6d9f425700e00d1d21354097b0d7a84d31566a5,0.648112756808409,0.1956521739130435,User
0x001d4738b2365498a9ee538bca56f66471d328d1,0.6495461060678452,0.19589106545628285,User
0xb9e52265668b7a8518e7ee8967240c8d5e6dfe2d,0.6476349737219302,0.1961299569995222,User
0xa893a84b84a93ec538d03130305c49e8655b52ca,0.6473960821786908,0.1963688485427616,User
0x61a222e89f90063d42efc8d433ea5c4a0a0e7f5d,0.6471571906354515,0.19660774008600096,User
0x7a33661f5b62008ad5de8c777d2ab9317e7ab998,0.6466794075489728,0.19684663162924032,User
0x1a3a12f250f64ba55b40910475a760b209312f23,0.6478738652651697,0.19708552317247968,User
0xab7262a8c52795097f18dfacc77e0b0cde345e4d,0.6464405160057334,0.19732441471571907,User
0x93677d08a9924dd272bb089b93dc6d46322b1a23,0.6459627329192547,0.19756330625895843,User
0xd427c865d359aed36ff93d6d9e838666d0493502,0.6462016244624941,0.1978021978021978,User
0x35ae5759357bf4535e5963b54f2a6b7aace77441,0.6454849498327759,0.19804108934543718,User
0xb6e245cfb2076498486208676be9e5e02394a603,0.6450071667462972,0.19827998088867654,User
0x1e54527a087579b454f2ac48b99d486d4ba4550f,0.6447682752030578,0.1985188724319159,User
0x5ff56c7293dba49914f359d73d2bfcccdd7296b3,0.6440516005733397,0.19875776397515527,User
0x2599046dd548a93d44c8194fc904971b341cc69d,0.6497849976110845,0.19899665551839466,User
0xd1e5ad927cb2a7664703cb09330d324d306d0931,0.6445293836598185,0.19923554706163402,User
0x6110ec1257fae683b3712cfb48888427829c93a1,0.6442904921165791,0.19947443860487338,User
0xe63d4a0ad59bbc6f388ce101d4d8aa42b36ebe06,0.6450071667462972,0.19971333014811277,User
0x9bb901d9bcfa0ba78c702e7d884887c08fe2d142,0.6457238413760152,0.19995222169135213,User
0xd04aec95edd9b58e632746a3ce38da54a12a487f,0.6421404682274248,0.2001911132345915,User
0x3206bd4e64ccc382ddeb797a59c2842a9b332db1,0.6426182513139035,0.20043000477783088,User
0x996a1b1a8581a0ed34b09fd03830d4b42245a684,0.6421404682274248,0.20066889632107024,User
0xf8477de33a9b63bba4e3bcdf85e35a2893541100,0.6438127090301003,0.2009077878643096,User
0x2bdf4c055102371aadb9b6bbe883b0b0a3a78ce0,0.6419015766841853,0.20114667940754896,User
0x85297fb4c4006565aac113cd2f3f510ec8cc49cc,0.641662685140946,0.20138557095078835,User
0xcdb3f4b1436332ca9ec54edbe786f5842761c129,0.6414237935977066,0.2016244624940277,User
0x1033a850444fd2dee22e8b82b3f1d095a40fc96b,0.6411849020544673,0.20186335403726707,User
0x5decb6fbe13c780a0e34d29138bf3061a2e899f0,0.6409460105112279,0.20210224558050646,User
0xeadd2d6e7a3ae0d0918ca1a01a52832318c9864b,0.6407071189679885,0.20234113712374582,User
0xbd3a5c00531d9538c01b462ce10071db45cd7b67,0.6402293358815098,0.20258002866698518,User
0x0eece69bb24bf36bc09d018a07a0c739265c6a7e,0.6402293358815098,0.20281892021022455,User
0x9f4991d65d0f94cb739fb548671b4421cc4bca94,0.6734352603917821,0.20305781175346393,User
0xa2a5448bc4cfb41f895c94e9edb1fcb15f03eded,0.6734352603917821,0.2032967032967033,User
0x3756b26516f1382f6bdef9961e703e9d35634a5e,0.6734352603917821,0.20353559483994266,User
0x9ebf65b73533b8d5474471065fc5990e1ae5dc44,0.6734352603917821,0.20377448638318205,User
0xfb76a57286e907c45ea2eb5bc5ca078fb6e45a50,0.6399904443382705,0.2040133779264214,User
0xb6e7aa24fbad4aff071992d8e916bb4cd01fe578,0.6734352603917821,0.20425226946966077,User
0x958455f9231cd9de4aa90922aff198d64b0d6d9b,0.6734352603917821,0.20449116101290013,User
0x30a01eb1f9eae2d85371e778803163ea7422b8e3,0.639751552795031,0.20473005255613952,User
0xcb323de5adacae7c34d2b8c944e75ba98ea153a6,0.6734352603917821,0.20496894409937888,User
0xa28ed8853827845316439b57146c5535dc4e584b,0.6734352603917821,0.20520783564261824,User
0xff7d4ba712ee87a9af6ed7b2930c3ca7fcf07f84,0.6734352603917821,0.20544672718585763,User
0xf77e3b04ac1e6093e83c7d3f6eb331fb63cf7aa8,0.6734352603917821,0.205685618729097,User
0x797256949542501d23b2f04d0279dd10ff698c50,0.6466794075489728,0.20592451027233635,User
0x33c636d7593ead730cc1a575861e06e8885fb41f,0.6395126612517917,0.20616340181557574,User
0x37a699a348b804fb4c6915bdfe72c51138d39603,0.6392737697085523,0.2064022933588151,User
0xc452051c6c3844c643a61021d5a6ee837226971e,0.637123745819398,0.20664118490205446,User
0x2cf0d2dab45ad3c3fa5409247a4f39cdffe8e943,0.6368848542761586,0.20688007644529383,User
0x80573216d8774b8466f213dcb1fc5ef48df351d6,0.6366459627329193,0.20711896798853321,User
0xdb443b6a8288877521890bca71b9bf5017c37ad5,0.6364070711896799,0.20735785953177258,User
0x55cc9733649b7d96cd92c18f93df85a85eb1f1ce,0.6359292881032012,0.20759675107501194,User
0x8c47fe7b82ed8ab60c4652ee8ca18025794796c0,0.6361681796464406,0.20783564261825133,User
0xde087e74c06a71eeba2e7f6c4a49838c35ee2cdb,0.6356903965599617,0.2080745341614907,User
0x8fb7c5908443aa01da07652583f6088965f552cb,0.6426182513139035,0.20831342570473005,User
0x063b0937975041c79132953c144d67bd96f81ab9,0.635212613473483,0.2085523172479694,User
0x4d496148e663a1b4af9bf7a480b60dd8e7b61c29,0.6354515050167224,0.2087912087912088,User
0xbfd9afdc93ebff30df4edfa346d13a9a542024d3,0.6347348303870043,0.20903010033444816,User
0xb6d57084274c5e3d1c7c6d87bc7b02b245b9486e,0.6349737219302437,0.20926899187768752,User
0xa3c8639e32696219054252c658d68a1fa12af442,0.634495938843765,0.2095078834209269,User
0x499ce6404d487dc4613ece617058ea7221522142,0.6342570473005256,0.20974677496416627,User
0xb573943793b0848b3880ff71ce3ef1123bfad8ad,0.6373626373626373,0.20998566650740563,User
0x8aeb8dc5bede221932a2d8582f559221eef2a2dc,0.6734352603917821,0.210224558050645,User
0x6491a1eed6909c402dae37dc742acdd5c1cc8983,0.6373626373626373,0.21046344959388438,User
0x1ca1b704b5c24d09ab4205d72da17820922058ea,0.6373626373626373,0.21070234113712374,User
0x955ce072bc08b71001f5af85c6705adedf7f8565,0.6373626373626373,0.2109412326803631,User
0x978db9592abef8089af1f9c940392cb8455f69b8,0.6373626373626373,0.2111801242236025,User
0xcfb990a6d53dd0d1752224c28e5fca03e4051b68,0.6340181557572862,0.21141901576684186,User
0xe37c3fdfea0b9f110e863c7a77ab2daf2ca8a0a3,0.6373626373626373,0.21165790731008122,User
0x6dfb08a04a1e091b4d8d33e04e044f600771e44f,0.6337792642140468,0.2118967988533206,User
0xa83478198bd1bdef56e6c1d90771c380bc3b362f,0.6335403726708074,0.21213569039655997,User
0x45a585604f50ba6c0d3abbbfbe2b5d898fba125a,0.6373626373626373,0.21237458193979933,User
0x305246818d727167f028f14b6f631e92a8e15795,0.6333014811275681,0.2126134734830387,User
0x853c3d135725aed2d3eb6011cfd48e9c5e7a9e23,0.6328236980410894,0.21285236502627808,User
0xb86d73922ad4cf636b8d079b359b7080b88c3c05,0.6235069278547539,0.21309125656951744,User
0xcfb3153a5fa051a24a39e49c44fcf7fb5692964d,0.6235069278547539,0.2133301481127568,User
0xd1a736b79e55b76809df2d2efe6d141b83414978,0.6330625895843287,0.2135690396559962,User
0xa5c42bb792eb0a2d50642759515cc6627f1061da,0.6235069278547539,0.21380793119923555,User
0x7a2a17f7e06fe9eef7913019118298a6788d393b,0.6235069278547539,0.2140468227424749,User
0x21822b793aef42f0410076843516f7c0bd866f21,0.6232680363115146,0.21428571428571427,User
0xc28f1f1897b71bbcc5add34f91951b2df3ea46d6,0.6227902532250358,0.21452460582895366,User
0xa155f965ed19fee326a27de43a0ae77e05b7ca42,0.6230291447682752,0.21476349737219302,User
0x9ffc090a014b60893f6ff4b663f00c82d29ec3b1,0.6373626373626373,0.21500238891543239,User
0xa85e54b232c0ba9ae7ef5f543feae4521a2fe43d,0.6235069278547539,0.21524128045867177,User
0xc6ab69ad06ba1662e06e75f03cd6fc2f44aae7cf,0.6223124701385571,0.21548017200191114,User
0x700fe3798018fcf50ce822c1a27e67624daf4bc2,0.6220735785953178,0.2157190635451505,User
0xf8955cecd0c2135b838a4e2175b9edbbddd65ab1,0.6218346870520783,0.21595795508838986,User
0x944120603bfbc1a0ea35e28da51af0aa412011e2,0.6213569039655996,0.21619684663162925,User
0x05b9e576453a6166232ff5cb27a169e160d7695c,0.6225513616817965,0.2164357381748686,User
0xa4964278627c159e3df15ca168bbe5c8243e00ad,0.621595795508839,0.21667462971810797,User
0x6e7dbc9e5775e30f09607119e1a0c0e29ab85a9a,0.6235069278547539,0.21691352126134736,User
0x38f5ff49b9f53d4dfaa0816821d476dee0f54e76,0.6235069278547539,0.21715241280458672,User
0x86dac64647310ca21ab5e2a8f7cb643a64783653,0.6235069278547539,0.21739130434782608,User
0x4540e9c4140e272d21817bd5ad779e0ec5ee2a0b,0.6211180124223602,0.21763019589106547,User
0x1498b79496f95fb54c16a35842e6851673074ab3,0.6204013377926422,0.21786908743430483,User
0x09983e27ae66643158d9854c6af7947309e41a40,0.6426182513139035,0.2181079789775442,User
0x26679764fa33b09798aa2baa5cd25d58e7f82e7a,0.6201624462494028,0.21834687052078355,User
0x12d9caccb20a07e55353ccbd5cf742e24a2dbcaf,0.619684663162924,0.21858576206402294,User
0x49d9115d22e5272b26bc7cde06781d194eae1380,0.6199235547061634,0.2188246536072623,User
0xe039b565cf60de37300501bc794e36c62fad8c28,0.6208791208791209,0.21906354515050167,User
0xb780b9f9c2a821d9fcabc64c556e0f02d9e792c7,0.6192068800764453,0.21930243669374105,User
0x81bff64c191b5568e3b77ec777fadf3d79af1881,0.6194457716196846,0.21954132823698042,User
0x9cc116ec97bea0f327f3a86c791d4538249b9c42,0.6187290969899666,0.21978021978021978,User
0x8d95c1c03c1e39c537733cc837d96dfc9566002e,0.6184902054467272,0.22001911132345914,User
0x9cbef0cdd2e9c523563e29b6f592fc2b1cde6c6e,0.6235069278547539,0.22025800286669853,User
0x0d8830257836ff68a91dd99ed9e9006db16fccb0,0.6182513139034879,0.2204968944099379,User
0x4e2cb49a353192f5d5a1331a1b1b2dde6576d801,0.6180124223602484,0.22073578595317725,User
0x58cfe4a53426e64abda1e9459d23329b990fe8dc,0.617773530817009,0.22097467749641664,User
0xc30f9bd70f688ffc247b18451d3daf7fde89b9f9,0.6189679885332059,0.221213569039656,User
0x1684bb8d0241d80ead9897c82aeb738064a35124,0.6235069278547539,0.22145246058289536,User
0x3c9ad85ced1dd9563788b9eb689014a25b217e7f,0.6235069278547539,0.22169135212613472,User
0x11f505d9ebb34ef6cb8ca45c5f617292b18c0b45,0.6235069278547539,0.2219302436693741,User
0x65f427b1bbe5867b630956b4cba383a0e37ba568,0.6175346392737697,0.22216913521261347,User
0xe829a38e846e8817e3c6348df8459582ab901768,0.6235069278547539,0.22240802675585283,User
0xcb06541598a6f921b4536edb0775b6fb57db45b5,0.6235069278547539,0.22264691829909222,User
0x1ffbf4297efdfb2c09df3ebac94501596fe6bbe8,0.6235069278547539,0.22288580984233158,User
0xf3d9f07f0e96e1745755560a5a68b772cecb644a,0.6206402293358815,0.22312470138557094,User
0x7d546b49d653d8ee38582f5068f3eac3e41ae00c,0.6235069278547539,0.22336359292881033,User
0x4127b0ad437176aa4ed437acee4023e6f027d3f8,0.6235069278547539,0.2236024844720497,User
0x24028e4d9b9a62b5b85972bc097f1cd26458aab3,0.6235069278547539,0.22384137601528906,User
0x0f836469241b8929afadc7b5271d416fe57369c0,0.6235069278547539,0.22384137601528906,User
0x544133bb8a1f709ddda7cce28ca44d56da4db983,0.6235069278547539,0.2243191591017678,User
0xb82f4e32bfa0610be39e56cb07fd94672d27b063,0.6235069278547539,0.22455805064500717,User
0x7af3be68014e1d72f368e5b627d40b84e25e4ae8,0.6172957477305303,0.22479694218824653,User
0xee3e9b275b46830f53c435ee9427a65dce0dd04c,0.6235069278547539,0.22503583373148592,User
0x3d4ce445208afcfe3e5e16999ed278941973a10e,0.617056856187291,0.22527472527472528,User
0x074ec916a21d9d79cbd0dbbbd3934de5fac5f8f7,0.6235069278547539,0.22551361681796464,User
0x13c4005f285112163deef20fcfcd0309b4eaf58b,0.6235069278547539,0.225752508361204,User
0xe0654a7237adff0c3d8ae3ea688dcc4aefdeb470,0.6235069278547539,0.2259913999044434,User
0x0c8458d6c64ede82be2b432d100e7bf215e2d6d7,0.6235069278547539,0.22623029144768275,User
0x24e3ef3110db8e2e77f33a29125331147cebf081,0.6235069278547539,0.2264691829909221,User
0x3c206ba3fd118f43d187837679c77f1b304c000a,0.6158623984710941,0.2267080745341615,User
0xc05247e14ed5998467fe6fe37d7d677b68d145ef,0.6156235069278547,0.22694696607740086,User
0x07b805df38ac6656e497cd31a3b89112cf066cc3,0.615145723841376,0.22718585762064022,User
0xe4b593611adc9f524ddf962b5fc8482a5a416a5d,0.6149068322981367,0.22742474916387959,User
0x2dbd5d1ccdd4dcf53514732ebf86bc16137a256e,0.615145723841376,0.22766364070711897,User
0x9e09d2e6339555311eedfcdc56c26a37cf88ccf9,0.6158623984710941,0.22790253225035834,User
0xc661cf5a7c0195dd0f2881d63cc34a557fd64162,0.6158623984710941,0.2281414237935977,User
0x73ccd34f9977443d7e770c6b4a923f95f2b37a53,0.6146679407548973,0.2283803153368371,User
0x2b0a350208b8ee3520b8c0f70d63cda432ffb52c,0.6235069278547539,0.22861920688007645,User
0x910c75d6ef097a2f6e36bd0ac46e3f100d4426ca,0.6235069278547539,0.22861920688007645,User
0xbfff555e39ca7394dd8708e4e8703e59ee8102ee,0.6235069278547539,0.22909698996655517,User
0x45f8403e88f0882d9109ad58402a4946fe4b638a,0.6235069278547539,0.22933588150979456,User
0x815011f80f5f9de7014d76087971b93cfb530cae,0.6235069278547539,0.22957477305303392,User
0x24d5349c6f03f6415b0f8d8e2101dac2be9a70a8,0.6235069278547539,0.22981366459627328,User
0x63da85981dc65451689b75e869dfb1b3f4291983,0.6139512661251791,0.23005255613951267,User
0xe2777743e7becdb4e7c80d7cf3c176d7cc1183ac,0.6137123745819398,0.23029144768275203,User
0xf583c0afd22a41afbd8d6f44768632d46a11f3c9,0.6141901576684186,0.2305303392259914,User
0x041d32800fbd4fef67198f1ef9b993dc196b5b77,0.6426182513139035,0.23076923076923078,User
0xaa8b84c34ba8dc9b2d02feeac895ee7adcb443c4,0.6158623984710941,0.23100812231247014,User
0x7e18d7b3b38bbd2616fdf1300ac65769a57c058a,0.6134734830387004,0.2312470138557095,User
0x1a54db799aaf56723206187d3c71696305ba44d9,0.6158623984710941,0.23148590539894887,User
0xbc735b7a61d66bb2ce8c9ed99df11cd89cbc7c2a,0.6129956999522217,0.23172479694218825,User
0xe9d92e60aeaebb957e49bdac5f4a6d52b9f04d81,0.6426182513139035,0.23196368848542762,User
0xd25a5596032662a9f44ff9bcae459eb12be44dbc,0.6132345914954611,0.23220258002866698,User
0xe82b0eeefba365b8a63db2eeee67e98e7c774ff2,0.6127568084089823,0.23244147157190637,User
0xcfa5ac697e6e2c8e7bb47727afe9c2e3d75d32db,0.6235069278547539,0.23268036311514573,User
0xe84bc3061c26f1ad27cfb4e5a3071c92cfd5cc3b,0.612517916865743,0.2329192546583851,User
0x5d2a53e6d6429d6e73bdab3e331ddda8f3e90908,0.6108456760630674,0.23315814620162445,User
0x0b6fca87cce28669915fed27f49ac51014d14c0d,0.6110845676063067,0.23339703774486384,User
0x02930e4906a7d7c634925bc5762a8b93ce9ae25e,0.6141901576684186,0.2336359292881032,User
0xcb846f8dbb87b8d3c8955e4a6492402b0c73f063,0.6113234591495461,0.23387482083134256,User
0x370bc34e79c87f51d299da0364ca952daa094c74,0.610606784519828,0.23411371237458195,User
0xa78c8d9d5b680e5f7a63f4b047a924b3a438257b,0.6103678929765887,0.2343526039178213,User
0x30d4a3ec3169c5f5352c50dea8b86801262321dd,0.6098901098901099,0.23459149546106067,User
0x805ab54065ecbc94f5c114d287503bfb888e762a,0.6101290014333492,0.23483038700430003,User
0x1ae0d4c1c009926954d4e60bb708f3013831a966,0.6094123268036311,0.23506927854753942,User
0x365cdfb5c249a44ecf89f7f698c9db85375591e4,0.6091734352603918,0.23530817009077878,User
0x6bb2acb2a546bb8ad6cc63a2e404120e83a55ad1,0.6086956521739131,0.23554706163401815,User
0x85c8ccf947cb06a0435afbea51c5fc720db486c7,0.6082178690874344,0.23578595317725753,User
0x9b10f5a0c9cb37d2ac042941a5050fc49379623c,0.6077400860009555,0.2360248447204969,User
0x75821a56a34056c122ca66a01ca9b202a091eb0c,0.6075011944577162,0.23626373626373626,User
0x4cac28fbce94a011c6edded62aa91cda4eb2bc3f,0.6070234113712375,0.23650262780697565,User
0x1255520733be421d77282e2924aaca7fd1b73a08,0.6235069278547539,0.236741519350215,User
0x09b8ff9a2d47c81c833489d99c30d6a45407df73,0.6072623029144768,0.23698041089345437,User
0xfcec7316f7bd00f48746937117ad936ca9044602,0.6065456282847587,0.23721930243669373,User
0x64e05e5fd56ac32196073a58051db28d8a0d4a23,0.6063067367415194,0.23745819397993312,User
0x5d083b67a4b62da8236d3baa9dad6a206cf3d07d,0.6096512183468705,0.23769708552317248,User
0x836719fb3a876237bf477fd80f00971935318b8a,0.6079789775441949,0.23793597706641184,User
0xc1f13955f684307ee551611b5bb31d3142f5cc66,0.6024844720496895,0.23817486860965123,User
0xfc37099d1bbdfa101a427e9a46f0217bb13c8749,0.6027233635929288,0.2384137601528906,User
0x955da029be53afe4f573d038e7988d5456865264,0.6067845198279981,0.23865265169612995,User
